NA_L3NAME,US_L3CODE,US_L3NAME,NA_L3CODE,NA_L2CODE,NA_L2NAME,NA_L1CODE,NA_L1NAME,STATE_NAME,EPA_REGION,L3_KEY,L2_KEY,L1_KEY,year,En_NFire,En_BurnArea
Arizona/New Mexico Plateau,22,Arizona/New Mexico Plateau,10.1.7,10.1,COLD DESERTS,10,NORTH AMERICAN DESERTS,Colorado,8,22  Arizona/New Mexico Plateau,10.1  COLD DESERTS,10  NORTH AMERICAN DESERTS,2028,3.382214285714286,30811.498453510998
Arizona/New Mexico Plateau,22,Arizona/New Mexico Plateau,10.1.7,10.1,COLD DESERTS,10,NORTH AMERICAN DESERTS,Colorado,8,22  Arizona/New Mexico Plateau,10.1  COLD DESERTS,10  NORTH AMERICAN DESERTS,2021,3.2477857142857145,31461.105541251673
Arizona/New Mexico Plateau,22,Arizona/New Mexico Plateau,10.1.7,10.1,COLD DESERTS,10,NORTH AMERICAN DESERTS,Colorado,8,22  Arizona/New Mexico Plateau,10.1  COLD DESERTS,10  NORTH AMERICAN DESERTS,2022,3.2696428571428573,28850.419580810983
Arizona/New Mexico Plateau,22,Arizona/New Mexico Plateau,10.1.7,10.1,COLD DESERTS,10,NORTH AMERICAN DESERTS,Colorado,8,22  Arizona/New Mexico Plateau,10.1  COLD DESERTS,10  NORTH AMERICAN DESERTS,2052,4.187214285714286,40461.28333653044
Arizona/New Mexico Plateau,22,Arizona/New Mexico Plateau,10.1.7,10.1,COLD DESERTS,10,NORTH AMERICAN DESERTS,Colorado,8,22  Arizona/New Mexico Plateau,10.1  COLD DESERTS,10  NORTH AMERICAN DESERTS,2027,3.0742142857142856,27845.30926641528
Arizona/New Mexico Plateau,22,Arizona/New Mexico Plateau,10.1.7,10.1,COLD DESERTS,10,NORTH AMERICAN DESERTS,Colorado,8,22  Arizona/New Mexico Plateau,10.1  COLD DESERTS,10  NORTH AMERICAN DESERTS,2029,3.403857142857143,29332.27433194583
Arizona/New Mexico Plateau,22,Arizona/New Mexico Plateau,10.1.7,10.1,COLD DESERTS,10,NORTH AMERICAN DESERTS,Colorado,8,22  Arizona/New Mexico Plateau,10.1  COLD DESERTS,10  NORTH AMERICAN DESERTS,2040,3.693714285714286,35746.22530602481
Arizona/New Mexico Plateau,22,Arizona/New Mexico Plateau,10.1.7,10.1,COLD DESERTS,10,NORTH AMERICAN DESERTS,Colorado,8,22  Arizona/New Mexico Plateau,10.1  COLD DESERTS,10  NORTH AMERICAN DESERTS,2020,2.701,23888.535239807556
Arizona/New Mexico Plateau,22,Arizona/New Mexico Plateau,10.1.7,10.1,COLD DESERTS,10,NORTH AMERICAN DESERTS,Colorado,8,22  Arizona/New Mexico Plateau,10.1  COLD DESERTS,10  NORTH AMERICAN DESERTS,2056,4.818642857142857,45351.02123999284
Arizona/New Mexico Plateau,22,Arizona/New Mexico Plateau,10.1.7,10.1,COLD DESERTS,10,NORTH AMERICAN DESERTS,Colorado,8,22  Arizona/New Mexico Plateau,10.1  COLD DESERTS,10  NORTH AMERICAN DESERTS,2031,3.5380714285714285,34221.76530233196
Arizona/New Mexico Plateau,22,Arizona/New Mexico Plateau,10.1.7,10.1,COLD DESERTS,10,NORTH AMERICAN DESERTS,Colorado,8,22  Arizona/New Mexico Plateau,10.1  COLD DESERTS,10  NORTH AMERICAN DESERTS,2030,3.419642857142857,32352.752489618048
Arizona/New Mexico Plateau,22,Arizona/New Mexico Plateau,10.1.7,10.1,COLD DESERTS,10,NORTH AMERICAN DESERTS,Colorado,8,22  Arizona/New Mexico Plateau,10.1  COLD DESERTS,10  NORTH AMERICAN DESERTS,2023,2.975,26660.4791066115
Arizona/New Mexico Plateau,22,Arizona/New Mexico Plateau,10.1.7,10.1,COLD DESERTS,10,NORTH AMERICAN DESERTS,Colorado,8,22  Arizona/New Mexico Plateau,10.1  COLD DESERTS,10  NORTH AMERICAN DESERTS,2024,3.892142857142857,38108.36631074424
Arizona/New Mexico Plateau,22,Arizona/New Mexico Plateau,10.1.7,10.1,COLD DESERTS,10,NORTH AMERICAN DESERTS,Colorado,8,22  Arizona/New Mexico Plateau,10.1  COLD DESERTS,10  NORTH AMERICAN DESERTS,2047,3.9017857142857144,38365.599277684756
Arizona/New Mexico Plateau,22,Arizona/New Mexico Plateau,10.1.7,10.1,COLD DESERTS,10,NORTH AMERICAN DESERTS,Colorado,8,22  Arizona/New Mexico Plateau,10.1  COLD DESERTS,10  NORTH AMERICAN DESERTS,2032,3.4097142857142857,31119.70725751727
Arizona/New Mexico Plateau,22,Arizona/New Mexico Plateau,10.1.7,10.1,COLD DESERTS,10,NORTH AMERICAN DESERTS,Colorado,8,22  Arizona/New Mexico Plateau,10.1  COLD DESERTS,10  NORTH AMERICAN DESERTS,2038,3.3827142857142856,31166.81902384556
Arizona/New Mexico Plateau,22,Arizona/New Mexico Plateau,10.1.7,10.1,COLD DESERTS,10,NORTH AMERICAN DESERTS,Colorado,8,22  Arizona/New Mexico Plateau,10.1  COLD DESERTS,10  NORTH AMERICAN DESERTS,2039,3.491285714285714,33102.25047704193
Arizona/New Mexico Plateau,22,Arizona/New Mexico Plateau,10.1.7,10.1,COLD DESERTS,10,NORTH AMERICAN DESERTS,Colorado,8,22  Arizona/New Mexico Plateau,10.1  COLD DESERTS,10  NORTH AMERICAN DESERTS,2043,3.8405714285714287,35445.00387370184
Arizona/New Mexico Plateau,22,Arizona/New Mexico Plateau,10.1.7,10.1,COLD DESERTS,10,NORTH AMERICAN DESERTS,Colorado,8,22  Arizona/New Mexico Plateau,10.1  COLD DESERTS,10  NORTH AMERICAN DESERTS,2057,4.828071428571429,46915.01100622184
Arizona/New Mexico Plateau,22,Arizona/New Mexico Plateau,10.1.7,10.1,COLD DESERTS,10,NORTH AMERICAN DESERTS,Colorado,8,22  Arizona/New Mexico Plateau,10.1  COLD DESERTS,10  NORTH AMERICAN DESERTS,2053,3.701857142857143,31864.44401828869
Arizona/New Mexico Plateau,22,Arizona/New Mexico Plateau,10.1.7,10.1,COLD DESERTS,10,NORTH AMERICAN DESERTS,Colorado,8,22  Arizona/New Mexico Plateau,10.1  COLD DESERTS,10  NORTH AMERICAN DESERTS,2019,2.6880714285714284,24558.294786013554
Arizona/New Mexico Plateau,22,Arizona/New Mexico Plateau,10.1.7,10.1,COLD DESERTS,10,NORTH AMERICAN DESERTS,Colorado,8,22  Arizona/New Mexico Plateau,10.1  COLD DESERTS,10  NORTH AMERICAN DESERTS,2033,3.7664285714285715,37235.69505987704
Arizona/New Mexico Plateau,22,Arizona/New Mexico Plateau,10.1.7,10.1,COLD DESERTS,10,NORTH AMERICAN DESERTS,Colorado,8,22  Arizona/New Mexico Plateau,10.1  COLD DESERTS,10  NORTH AMERICAN DESERTS,2034,3.549714285714286,30843.974027445805
Arizona/New Mexico Plateau,22,Arizona/New Mexico Plateau,10.1.7,10.1,COLD DESERTS,10,NORTH AMERICAN DESERTS,Colorado,8,22  Arizona/New Mexico Plateau,10.1  COLD DESERTS,10  NORTH AMERICAN DESERTS,2058,4.646142857142857,45034.09685517975
Arizona/New Mexico Plateau,22,Arizona/New Mexico Plateau,10.1.7,10.1,COLD DESERTS,10,NORTH AMERICAN DESERTS,Colorado,8,22  Arizona/New Mexico Plateau,10.1  COLD DESERTS,10  NORTH AMERICAN DESERTS,2060,3.8305,34759.69396140302
Arizona/New Mexico Plateau,22,Arizona/New Mexico Plateau,10.1.7,10.1,COLD DESERTS,10,NORTH AMERICAN DESERTS,Colorado,8,22  Arizona/New Mexico Plateau,10.1  COLD DESERTS,10  NORTH AMERICAN DESERTS,2051,3.5653571428571427,31579.69855212172
Arizona/New Mexico Plateau,22,Arizona/New Mexico Plateau,10.1.7,10.1,COLD DESERTS,10,NORTH AMERICAN DESERTS,Colorado,8,22  Arizona/New Mexico Plateau,10.1  COLD DESERTS,10  NORTH AMERICAN DESERTS,2054,3.7114285714285713,34372.9538604319
Arizona/New Mexico Plateau,22,Arizona/New Mexico Plateau,10.1.7,10.1,COLD DESERTS,10,NORTH AMERICAN DESERTS,Colorado,8,22  Arizona/New Mexico Plateau,10.1  COLD DESERTS,10  NORTH AMERICAN DESERTS,2048,3.9352142857142858,36230.22318455263
Arizona/New Mexico Plateau,22,Arizona/New Mexico Plateau,10.1.7,10.1,COLD DESERTS,10,NORTH AMERICAN DESERTS,Colorado,8,22  Arizona/New Mexico Plateau,10.1  COLD DESERTS,10  NORTH AMERICAN DESERTS,2050,4.036071428571429,36458.05891281691
Arizona/New Mexico Plateau,22,Arizona/New Mexico Plateau,10.1.7,10.1,COLD DESERTS,10,NORTH AMERICAN DESERTS,Colorado,8,22  Arizona/New Mexico Plateau,10.1  COLD DESERTS,10  NORTH AMERICAN DESERTS,2042,3.8697857142857144,37783.23039441552
Arizona/New Mexico Plateau,22,Arizona/New Mexico Plateau,10.1.7,10.1,COLD DESERTS,10,NORTH AMERICAN DESERTS,Colorado,8,22  Arizona/New Mexico Plateau,10.1  COLD DESERTS,10  NORTH AMERICAN DESERTS,2059,4.456285714285714,41900.73429766983
Arizona/New Mexico Plateau,22,Arizona/New Mexico Plateau,10.1.7,10.1,COLD DESERTS,10,NORTH AMERICAN DESERTS,Colorado,8,22  Arizona/New Mexico Plateau,10.1  COLD DESERTS,10  NORTH AMERICAN DESERTS,2044,3.431285714285714,30976.103425350248
Arizona/New Mexico Plateau,22,Arizona/New Mexico Plateau,10.1.7,10.1,COLD DESERTS,10,NORTH AMERICAN DESERTS,Colorado,8,22  Arizona/New Mexico Plateau,10.1  COLD DESERTS,10  NORTH AMERICAN DESERTS,2041,4.210214285714286,42115.65132789618
Arizona/New Mexico Plateau,22,Arizona/New Mexico Plateau,10.1.7,10.1,COLD DESERTS,10,NORTH AMERICAN DESERTS,Colorado,8,22  Arizona/New Mexico Plateau,10.1  COLD DESERTS,10  NORTH AMERICAN DESERTS,2026,3.058,26751.009588581222
Arizona/New Mexico Plateau,22,Arizona/New Mexico Plateau,10.1.7,10.1,COLD DESERTS,10,NORTH AMERICAN DESERTS,Colorado,8,22  Arizona/New Mexico Plateau,10.1  COLD DESERTS,10  NORTH AMERICAN DESERTS,2037,3.6820714285714287,35483.372371841586
Arizona/New Mexico Plateau,22,Arizona/New Mexico Plateau,10.1.7,10.1,COLD DESERTS,10,NORTH AMERICAN DESERTS,Colorado,8,22  Arizona/New Mexico Plateau,10.1  COLD DESERTS,10  NORTH AMERICAN DESERTS,2046,3.953,36555.3723294358
Arizona/New Mexico Plateau,22,Arizona/New Mexico Plateau,10.1.7,10.1,COLD DESERTS,10,NORTH AMERICAN DESERTS,Colorado,8,22  Arizona/New Mexico Plateau,10.1  COLD DESERTS,10  NORTH AMERICAN DESERTS,2045,4.630857142857143,47279.50101270646
Arizona/New Mexico Plateau,22,Arizona/New Mexico Plateau,10.1.7,10.1,COLD DESERTS,10,NORTH AMERICAN DESERTS,Colorado,8,22  Arizona/New Mexico Plateau,10.1  COLD DESERTS,10  NORTH AMERICAN DESERTS,2035,3.7190714285714286,32240.97753440174
Arizona/New Mexico Plateau,22,Arizona/New Mexico Plateau,10.1.7,10.1,COLD DESERTS,10,NORTH AMERICAN DESERTS,Colorado,8,22  Arizona/New Mexico Plateau,10.1  COLD DESERTS,10  NORTH AMERICAN DESERTS,2049,4.543071428571428,45786.124114493316
Arizona/New Mexico Plateau,22,Arizona/New Mexico Plateau,10.1.7,10.1,COLD DESERTS,10,NORTH AMERICAN DESERTS,Colorado,8,22  Arizona/New Mexico Plateau,10.1  COLD DESERTS,10  NORTH AMERICAN DESERTS,2025,3.369357142857143,29145.37374157374
Arizona/New Mexico Plateau,22,Arizona/New Mexico Plateau,10.1.7,10.1,COLD DESERTS,10,NORTH AMERICAN DESERTS,Colorado,8,22  Arizona/New Mexico Plateau,10.1  COLD DESERTS,10  NORTH AMERICAN DESERTS,2055,4.457571428571429,44817.40740366183
Arizona/New Mexico Plateau,22,Arizona/New Mexico Plateau,10.1.7,10.1,COLD DESERTS,10,NORTH AMERICAN DESERTS,Colorado,8,22  Arizona/New Mexico Plateau,10.1  COLD DESERTS,10  NORTH AMERICAN DESERTS,2036,3.7992142857142857,36111.71350528896
Colorado Plateaus,20,Colorado Plateaus,10.1.6,10.1,COLD DESERTS,10,NORTH AMERICAN DESERTS,Colorado,8,20  Colorado Plateaus,10.1  COLD DESERTS,10  NORTH AMERICAN DESERTS,2034,4.7003571428571425,35046.96067369107
Colorado Plateaus,20,Colorado Plateaus,10.1.6,10.1,COLD DESERTS,10,NORTH AMERICAN DESERTS,Colorado,8,20  Colorado Plateaus,10.1  COLD DESERTS,10  NORTH AMERICAN DESERTS,2047,5.242,42399.55946507398
Colorado Plateaus,20,Colorado Plateaus,10.1.6,10.1,COLD DESERTS,10,NORTH AMERICAN DESERTS,Colorado,8,20  Colorado Plateaus,10.1  COLD DESERTS,10  NORTH AMERICAN DESERTS,2031,5.474714285714286,45553.54715869399
Colorado Plateaus,20,Colorado Plateaus,10.1.6,10.1,COLD DESERTS,10,NORTH AMERICAN DESERTS,Colorado,8,20  Colorado Plateaus,10.1  COLD DESERTS,10  NORTH AMERICAN DESERTS,2043,4.384714285714286,34603.73611933325
Colorado Plateaus,20,Colorado Plateaus,10.1.6,10.1,COLD DESERTS,10,NORTH AMERICAN DESERTS,Colorado,8,20  Colorado Plateaus,10.1  COLD DESERTS,10  NORTH AMERICAN DESERTS,2030,4.172428571428571,34928.33687440895
Colorado Plateaus,20,Colorado Plateaus,10.1.6,10.1,COLD DESERTS,10,NORTH AMERICAN DESERTS,Colorado,8,20  Colorado Plateaus,10.1  COLD DESERTS,10  NORTH AMERICAN DESERTS,2036,4.692714285714286,36367.60377508628
Colorado Plateaus,20,Colorado Plateaus,10.1.6,10.1,COLD DESERTS,10,NORTH AMERICAN DESERTS,Colorado,8,20  Colorado Plateaus,10.1  COLD DESERTS,10  NORTH AMERICAN DESERTS,2046,5.795857142857143,47165.771269767705
Colorado Plateaus,20,Colorado Plateaus,10.1.6,10.1,COLD DESERTS,10,NORTH AMERICAN DESERTS,Colorado,8,20  Colorado Plateaus,10.1  COLD DESERTS,10  NORTH AMERICAN DESERTS,2033,5.569928571428571,48715.97362716957
Colorado Plateaus,20,Colorado Plateaus,10.1.6,10.1,COLD DESERTS,10,NORTH AMERICAN DESERTS,Colorado,8,20  Colorado Plateaus,10.1  COLD DESERTS,10  NORTH AMERICAN DESERTS,2035,4.989142857142857,39251.94563140818
Colorado Plateaus,20,Colorado Plateaus,10.1.6,10.1,COLD DESERTS,10,NORTH AMERICAN DESERTS,Colorado,8,20  Colorado Plateaus,10.1  COLD DESERTS,10  NORTH AMERICAN DESERTS,2044,4.116071428571429,31961.937375682195
Colorado Plateaus,20,Colorado Plateaus,10.1.6,10.1,COLD DESERTS,10,NORTH AMERICAN DESERTS,Colorado,8,20  Colorado Plateaus,10.1  COLD DESERTS,10  NORTH AMERICAN DESERTS,2032,4.236928571428571,33293.520842117265
Colorado Plateaus,20,Colorado Plateaus,10.1.6,10.1,COLD DESERTS,10,NORTH AMERICAN DESERTS,Colorado,8,20  Colorado Plateaus,10.1  COLD DESERTS,10  NORTH AMERICAN DESERTS,2045,7.303214285714286,64888.06818253895
Colorado Plateaus,20,Colorado Plateaus,10.1.6,10.1,COLD DESERTS,10,NORTH AMERICAN DESERTS,Colorado,8,20  Colorado Plateaus,10.1  COLD DESERTS,10  NORTH AMERICAN DESERTS,2056,7.369071428571429,59721.18298825485
Colorado Plateaus,20,Colorado Plateaus,10.1.6,10.1,COLD DESERTS,10,NORTH AMERICAN DESERTS,Colorado,8,20  Colorado Plateaus,10.1  COLD DESERTS,10  NORTH AMERICAN DESERTS,2050,5.346928571428571,41980.07471253994
Colorado Plateaus,20,Colorado Plateaus,10.1.6,10.1,COLD DESERTS,10,NORTH AMERICAN DESERTS,Colorado,8,20  Colorado Plateaus,10.1  COLD DESERTS,10  NORTH AMERICAN DESERTS,2029,4.018428571428571,28640.77011383836
Colorado Plateaus,20,Colorado Plateaus,10.1.6,10.1,COLD DESERTS,10,NORTH AMERICAN DESERTS,Colorado,8,20  Colorado Plateaus,10.1  COLD DESERTS,10  NORTH AMERICAN DESERTS,2048,4.854928571428571,38927.961782833205
Colorado Plateaus,20,Colorado Plateaus,10.1.6,10.1,COLD DESERTS,10,NORTH AMERICAN DESERTS,Colorado,8,20  Colorado Plateaus,10.1  COLD DESERTS,10  NORTH AMERICAN DESERTS,2049,8.128785714285716,78466.00251423084
Colorado Plateaus,20,Colorado Plateaus,10.1.6,10.1,COLD DESERTS,10,NORTH AMERICAN DESERTS,Colorado,8,20  Colorado Plateaus,10.1  COLD DESERTS,10  NORTH AMERICAN DESERTS,2025,4.898214285714285,36999.66656280684
Colorado Plateaus,20,Colorado Plateaus,10.1.6,10.1,COLD DESERTS,10,NORTH AMERICAN DESERTS,Colorado,8,20  Colorado Plateaus,10.1  COLD DESERTS,10  NORTH AMERICAN DESERTS,2051,4.0515,29870.95648182146
Colorado Plateaus,20,Colorado Plateaus,10.1.6,10.1,COLD DESERTS,10,NORTH AMERICAN DESERTS,Colorado,8,20  Colorado Plateaus,10.1  COLD DESERTS,10  NORTH AMERICAN DESERTS,2055,5.039428571428571,42754.95600135743
Colorado Plateaus,20,Colorado Plateaus,10.1.6,10.1,COLD DESERTS,10,NORTH AMERICAN DESERTS,Colorado,8,20  Colorado Plateaus,10.1  COLD DESERTS,10  NORTH AMERICAN DESERTS,2042,6.0004285714285714,51850.35670985121
Colorado Plateaus,20,Colorado Plateaus,10.1.6,10.1,COLD DESERTS,10,NORTH AMERICAN DESERTS,Colorado,8,20  Colorado Plateaus,10.1  COLD DESERTS,10  NORTH AMERICAN DESERTS,2027,4.447357142857143,37396.1758928787
Colorado Plateaus,20,Colorado Plateaus,10.1.6,10.1,COLD DESERTS,10,NORTH AMERICAN DESERTS,Colorado,8,20  Colorado Plateaus,10.1  COLD DESERTS,10  NORTH AMERICAN DESERTS,2028,5.643357142857143,48792.29890170939
Colorado Plateaus,20,Colorado Plateaus,10.1.6,10.1,COLD DESERTS,10,NORTH AMERICAN DESERTS,Colorado,8,20  Colorado Plateaus,10.1  COLD DESERTS,10  NORTH AMERICAN DESERTS,2057,7.434214285714286,64885.74088045195
Colorado Plateaus,20,Colorado Plateaus,10.1.6,10.1,COLD DESERTS,10,NORTH AMERICAN DESERTS,Colorado,8,20  Colorado Plateaus,10.1  COLD DESERTS,10  NORTH AMERICAN DESERTS,2058,6.341,52556.20977247547
Colorado Plateaus,20,Colorado Plateaus,10.1.6,10.1,COLD DESERTS,10,NORTH AMERICAN DESERTS,Colorado,8,20  Colorado Plateaus,10.1  COLD DESERTS,10  NORTH AMERICAN DESERTS,2059,5.089857142857143,40545.33404498482
Colorado Plateaus,20,Colorado Plateaus,10.1.6,10.1,COLD DESERTS,10,NORTH AMERICAN DESERTS,Colorado,8,20  Colorado Plateaus,10.1  COLD DESERTS,10  NORTH AMERICAN DESERTS,2060,3.483,25203.27707291728
Colorado Plateaus,20,Colorado Plateaus,10.1.6,10.1,COLD DESERTS,10,NORTH AMERICAN DESERTS,Colorado,8,20  Colorado Plateaus,10.1  COLD DESERTS,10  NORTH AMERICAN DESERTS,2019,4.2185,33626.709769625
Colorado Plateaus,20,Colorado Plateaus,10.1.6,10.1,COLD DESERTS,10,NORTH AMERICAN DESERTS,Colorado,8,20  Colorado Plateaus,10.1  COLD DESERTS,10  NORTH AMERICAN DESERTS,2020,3.3965714285714284,24802.976912345934
Colorado Plateaus,20,Colorado Plateaus,10.1.6,10.1,COLD DESERTS,10,NORTH AMERICAN DESERTS,Colorado,8,20  Colorado Plateaus,10.1  COLD DESERTS,10  NORTH AMERICAN DESERTS,2024,6.407642857142857,56813.86191147015
Colorado Plateaus,20,Colorado Plateaus,10.1.6,10.1,COLD DESERTS,10,NORTH AMERICAN DESERTS,Colorado,8,20  Colorado Plateaus,10.1  COLD DESERTS,10  NORTH AMERICAN DESERTS,2023,3.7475714285714283,28109.835590455135
Colorado Plateaus,20,Colorado Plateaus,10.1.6,10.1,COLD DESERTS,10,NORTH AMERICAN DESERTS,Colorado,8,20  Colorado Plateaus,10.1  COLD DESERTS,10  NORTH AMERICAN DESERTS,2038,4.308142857142857,33862.68896845394
Colorado Plateaus,20,Colorado Plateaus,10.1.6,10.1,COLD DESERTS,10,NORTH AMERICAN DESERTS,Colorado,8,20  Colorado Plateaus,10.1  COLD DESERTS,10  NORTH AMERICAN DESERTS,2026,4.163857142857142,30323.123134625275
Colorado Plateaus,20,Colorado Plateaus,10.1.6,10.1,COLD DESERTS,10,NORTH AMERICAN DESERTS,Colorado,8,20  Colorado Plateaus,10.1  COLD DESERTS,10  NORTH AMERICAN DESERTS,2041,5.996714285714286,51700.50813393282
Colorado Plateaus,20,Colorado Plateaus,10.1.6,10.1,COLD DESERTS,10,NORTH AMERICAN DESERTS,Colorado,8,20  Colorado Plateaus,10.1  COLD DESERTS,10  NORTH AMERICAN DESERTS,2040,4.235285714285714,32487.69992549003
Colorado Plateaus,20,Colorado Plateaus,10.1.6,10.1,COLD DESERTS,10,NORTH AMERICAN DESERTS,Colorado,8,20  Colorado Plateaus,10.1  COLD DESERTS,10  NORTH AMERICAN DESERTS,2037,4.767142857142857,42613.00877395801
Colorado Plateaus,20,Colorado Plateaus,10.1.6,10.1,COLD DESERTS,10,NORTH AMERICAN DESERTS,Colorado,8,20  Colorado Plateaus,10.1  COLD DESERTS,10  NORTH AMERICAN DESERTS,2052,6.245214285714286,53198.36972231465
Colorado Plateaus,20,Colorado Plateaus,10.1.6,10.1,COLD DESERTS,10,NORTH AMERICAN DESERTS,Colorado,8,20  Colorado Plateaus,10.1  COLD DESERTS,10  NORTH AMERICAN DESERTS,2039,4.002642857142857,29957.743638909375
Colorado Plateaus,20,Colorado Plateaus,10.1.6,10.1,COLD DESERTS,10,NORTH AMERICAN DESERTS,Colorado,8,20  Colorado Plateaus,10.1  COLD DESERTS,10  NORTH AMERICAN DESERTS,2021,4.784142857142857,42666.1655858612
Colorado Plateaus,20,Colorado Plateaus,10.1.6,10.1,COLD DESERTS,10,NORTH AMERICAN DESERTS,Colorado,8,20  Colorado Plateaus,10.1  COLD DESERTS,10  NORTH AMERICAN DESERTS,2022,4.688285714285715,36328.916487447656
Colorado Plateaus,20,Colorado Plateaus,10.1.6,10.1,COLD DESERTS,10,NORTH AMERICAN DESERTS,Colorado,8,20  Colorado Plateaus,10.1  COLD DESERTS,10  NORTH AMERICAN DESERTS,2054,4.775071428571429,36814.03368700589
Colorado Plateaus,20,Colorado Plateaus,10.1.6,10.1,COLD DESERTS,10,NORTH AMERICAN DESERTS,Colorado,8,20  Colorado Plateaus,10.1  COLD DESERTS,10  NORTH AMERICAN DESERTS,2053,5.1032142857142855,38972.54394731645
High Plains,25,High Plains,9.4.1,9.4,SOUTH CENTRAL SEMI-ARID PRAIRIES,9,GREAT PLAINS,Colorado,8,25  High Plains,9.4  SOUTH CENTRAL SEMI-ARID PRAIRIES,9  GREAT PLAINS,2027,9.795,67837.2798190182
High Plains,25,High Plains,9.4.1,9.4,SOUTH CENTRAL SEMI-ARID PRAIRIES,9,GREAT PLAINS,Colorado,8,25  High Plains,9.4  SOUTH CENTRAL SEMI-ARID PRAIRIES,9  GREAT PLAINS,2052,11.438071428571428,79653.36486328025
High Plains,25,High Plains,9.4.1,9.4,SOUTH CENTRAL SEMI-ARID PRAIRIES,9,GREAT PLAINS,Colorado,8,25  High Plains,9.4  SOUTH CENTRAL SEMI-ARID PRAIRIES,9  GREAT PLAINS,2019,5.606,34611.714679125034
High Plains,25,High Plains,9.4.1,9.4,SOUTH CENTRAL SEMI-ARID PRAIRIES,9,GREAT PLAINS,Colorado,8,25  High Plains,9.4  SOUTH CENTRAL SEMI-ARID PRAIRIES,9  GREAT PLAINS,2023,8.930642857142857,63991.48806140144
High Plains,25,High Plains,9.4.1,9.4,SOUTH CENTRAL SEMI-ARID PRAIRIES,9,GREAT PLAINS,Colorado,8,25  High Plains,9.4  SOUTH CENTRAL SEMI-ARID PRAIRIES,9  GREAT PLAINS,2024,9.636285714285714,64961.05768177147
High Plains,25,High Plains,9.4.1,9.4,SOUTH CENTRAL SEMI-ARID PRAIRIES,9,GREAT PLAINS,Colorado,8,25  High Plains,9.4  SOUTH CENTRAL SEMI-ARID PRAIRIES,9  GREAT PLAINS,2025,9.8315,65480.04716665948
High Plains,25,High Plains,9.4.1,9.4,SOUTH CENTRAL SEMI-ARID PRAIRIES,9,GREAT PLAINS,Colorado,8,25  High Plains,9.4  SOUTH CENTRAL SEMI-ARID PRAIRIES,9  GREAT PLAINS,2026,8.757785714285713,60727.15370687697
High Plains,25,High Plains,9.4.1,9.4,SOUTH CENTRAL SEMI-ARID PRAIRIES,9,GREAT PLAINS,Colorado,8,25  High Plains,9.4  SOUTH CENTRAL SEMI-ARID PRAIRIES,9  GREAT PLAINS,2028,12.608571428571429,101606.42688992264
High Plains,25,High Plains,9.4.1,9.4,SOUTH CENTRAL SEMI-ARID PRAIRIES,9,GREAT PLAINS,Colorado,8,25  High Plains,9.4  SOUTH CENTRAL SEMI-ARID PRAIRIES,9  GREAT PLAINS,2029,8.095,52923.20961084529
High Plains,25,High Plains,9.4.1,9.4,SOUTH CENTRAL SEMI-ARID PRAIRIES,9,GREAT PLAINS,Colorado,8,25  High Plains,9.4  SOUTH CENTRAL SEMI-ARID PRAIRIES,9  GREAT PLAINS,2030,10.647714285714285,74946.95570619004
High Plains,25,High Plains,9.4.1,9.4,SOUTH CENTRAL SEMI-ARID PRAIRIES,9,GREAT PLAINS,Colorado,8,25  High Plains,9.4  SOUTH CENTRAL SEMI-ARID PRAIRIES,9  GREAT PLAINS,2031,9.346642857142857,62624.16578776649
High Plains,25,High Plains,9.4.1,9.4,SOUTH CENTRAL SEMI-ARID PRAIRIES,9,GREAT PLAINS,Colorado,8,25  High Plains,9.4  SOUTH CENTRAL SEMI-ARID PRAIRIES,9  GREAT PLAINS,2034,10.356,72544.42537617258
High Plains,25,High Plains,9.4.1,9.4,SOUTH CENTRAL SEMI-ARID PRAIRIES,9,GREAT PLAINS,Colorado,8,25  High Plains,9.4  SOUTH CENTRAL SEMI-ARID PRAIRIES,9  GREAT PLAINS,2045,12.213714285714286,88354.41724687458
High Plains,25,High Plains,9.4.1,9.4,SOUTH CENTRAL SEMI-ARID PRAIRIES,9,GREAT PLAINS,Colorado,8,25  High Plains,9.4  SOUTH CENTRAL SEMI-ARID PRAIRIES,9  GREAT PLAINS,2047,12.939,99860.7437562524
High Plains,25,High Plains,9.4.1,9.4,SOUTH CENTRAL SEMI-ARID PRAIRIES,9,GREAT PLAINS,Colorado,8,25  High Plains,9.4  SOUTH CENTRAL SEMI-ARID PRAIRIES,9  GREAT PLAINS,2048,9.007,59380.36640051307
High Plains,25,High Plains,9.4.1,9.4,SOUTH CENTRAL SEMI-ARID PRAIRIES,9,GREAT PLAINS,Colorado,8,25  High Plains,9.4  SOUTH CENTRAL SEMI-ARID PRAIRIES,9  GREAT PLAINS,2049,12.342571428571429,85427.82825231108
High Plains,25,High Plains,9.4.1,9.4,SOUTH CENTRAL SEMI-ARID PRAIRIES,9,GREAT PLAINS,Colorado,8,25  High Plains,9.4  SOUTH CENTRAL SEMI-ARID PRAIRIES,9  GREAT PLAINS,2037,9.811,67785.53175939435
High Plains,25,High Plains,9.4.1,9.4,SOUTH CENTRAL SEMI-ARID PRAIRIES,9,GREAT PLAINS,Colorado,8,25  High Plains,9.4  SOUTH CENTRAL SEMI-ARID PRAIRIES,9  GREAT PLAINS,2050,10.947714285714286,78092.60494546678
High Plains,25,High Plains,9.4.1,9.4,SOUTH CENTRAL SEMI-ARID PRAIRIES,9,GREAT PLAINS,Colorado,8,25  High Plains,9.4  SOUTH CENTRAL SEMI-ARID PRAIRIES,9  GREAT PLAINS,2040,11.173142857142857,80378.5952156893
High Plains,25,High Plains,9.4.1,9.4,SOUTH CENTRAL SEMI-ARID PRAIRIES,9,GREAT PLAINS,Colorado,8,25  High Plains,9.4  SOUTH CENTRAL SEMI-ARID PRAIRIES,9  GREAT PLAINS,2039,11.860071428571429,83414.03309320517
High Plains,25,High Plains,9.4.1,9.4,SOUTH CENTRAL SEMI-ARID PRAIRIES,9,GREAT PLAINS,Colorado,8,25  High Plains,9.4  SOUTH CENTRAL SEMI-ARID PRAIRIES,9  GREAT PLAINS,2053,10.082642857142858,68541.00433325107
High Plains,25,High Plains,9.4.1,9.4,SOUTH CENTRAL SEMI-ARID PRAIRIES,9,GREAT PLAINS,Colorado,8,25  High Plains,9.4  SOUTH CENTRAL SEMI-ARID PRAIRIES,9  GREAT PLAINS,2043,11.336714285714285,77045.36625687666
High Plains,25,High Plains,9.4.1,9.4,SOUTH CENTRAL SEMI-ARID PRAIRIES,9,GREAT PLAINS,Colorado,8,25  High Plains,9.4  SOUTH CENTRAL SEMI-ARID PRAIRIES,9  GREAT PLAINS,2044,9.506714285714285,63399.71902365826
High Plains,25,High Plains,9.4.1,9.4,SOUTH CENTRAL SEMI-ARID PRAIRIES,9,GREAT PLAINS,Colorado,8,25  High Plains,9.4  SOUTH CENTRAL SEMI-ARID PRAIRIES,9  GREAT PLAINS,2056,11.203357142857143,79622.44160170034
High Plains,25,High Plains,9.4.1,9.4,SOUTH CENTRAL SEMI-ARID PRAIRIES,9,GREAT PLAINS,Colorado,8,25  High Plains,9.4  SOUTH CENTRAL SEMI-ARID PRAIRIES,9  GREAT PLAINS,2033,10.80407142857143,74365.19037442844
High Plains,25,High Plains,9.4.1,9.4,SOUTH CENTRAL SEMI-ARID PRAIRIES,9,GREAT PLAINS,Colorado,8,25  High Plains,9.4  SOUTH CENTRAL SEMI-ARID PRAIRIES,9  GREAT PLAINS,2022,9.455428571428572,65633.44126850476
High Plains,25,High Plains,9.4.1,9.4,SOUTH CENTRAL SEMI-ARID PRAIRIES,9,GREAT PLAINS,Colorado,8,25  High Plains,9.4  SOUTH CENTRAL SEMI-ARID PRAIRIES,9  GREAT PLAINS,2060,9.767071428571429,62600.64482477863
High Plains,25,High Plains,9.4.1,9.4,SOUTH CENTRAL SEMI-ARID PRAIRIES,9,GREAT PLAINS,Colorado,8,25  High Plains,9.4  SOUTH CENTRAL SEMI-ARID PRAIRIES,9  GREAT PLAINS,2035,9.7905,67209.01846696823
High Plains,25,High Plains,9.4.1,9.4,SOUTH CENTRAL SEMI-ARID PRAIRIES,9,GREAT PLAINS,Colorado,8,25  High Plains,9.4  SOUTH CENTRAL SEMI-ARID PRAIRIES,9  GREAT PLAINS,2036,9.435357142857143,63754.602930046196
High Plains,25,High Plains,9.4.1,9.4,SOUTH CENTRAL SEMI-ARID PRAIRIES,9,GREAT PLAINS,Colorado,8,25  High Plains,9.4  SOUTH CENTRAL SEMI-ARID PRAIRIES,9  GREAT PLAINS,2041,10.469714285714286,72681.11809288016
High Plains,25,High Plains,9.4.1,9.4,SOUTH CENTRAL SEMI-ARID PRAIRIES,9,GREAT PLAINS,Colorado,8,25  High Plains,9.4  SOUTH CENTRAL SEMI-ARID PRAIRIES,9  GREAT PLAINS,2054,10.248571428571429,70869.43520241302
High Plains,25,High Plains,9.4.1,9.4,SOUTH CENTRAL SEMI-ARID PRAIRIES,9,GREAT PLAINS,Colorado,8,25  High Plains,9.4  SOUTH CENTRAL SEMI-ARID PRAIRIES,9  GREAT PLAINS,2038,9.546,64796.3030593492
High Plains,25,High Plains,9.4.1,9.4,SOUTH CENTRAL SEMI-ARID PRAIRIES,9,GREAT PLAINS,Colorado,8,25  High Plains,9.4  SOUTH CENTRAL SEMI-ARID PRAIRIES,9  GREAT PLAINS,2051,10.387857142857143,73926.94599028197
High Plains,25,High Plains,9.4.1,9.4,SOUTH CENTRAL SEMI-ARID PRAIRIES,9,GREAT PLAINS,Colorado,8,25  High Plains,9.4  SOUTH CENTRAL SEMI-ARID PRAIRIES,9  GREAT PLAINS,2032,9.1255,59576.63959359152
High Plains,25,High Plains,9.4.1,9.4,SOUTH CENTRAL SEMI-ARID PRAIRIES,9,GREAT PLAINS,Colorado,8,25  High Plains,9.4  SOUTH CENTRAL SEMI-ARID PRAIRIES,9  GREAT PLAINS,2020,9.120428571428572,60621.091201357114
High Plains,25,High Plains,9.4.1,9.4,SOUTH CENTRAL SEMI-ARID PRAIRIES,9,GREAT PLAINS,Colorado,8,25  High Plains,9.4  SOUTH CENTRAL SEMI-ARID PRAIRIES,9  GREAT PLAINS,2055,12.760714285714286,91764.34009848534
High Plains,25,High Plains,9.4.1,9.4,SOUTH CENTRAL SEMI-ARID PRAIRIES,9,GREAT PLAINS,Colorado,8,25  High Plains,9.4  SOUTH CENTRAL SEMI-ARID PRAIRIES,9  GREAT PLAINS,2046,11.630142857142857,83716.67135435295
High Plains,25,High Plains,9.4.1,9.4,SOUTH CENTRAL SEMI-ARID PRAIRIES,9,GREAT PLAINS,Colorado,8,25  High Plains,9.4  SOUTH CENTRAL SEMI-ARID PRAIRIES,9  GREAT PLAINS,2059,9.181928571428571,58129.4423182745
High Plains,25,High Plains,9.4.1,9.4,SOUTH CENTRAL SEMI-ARID PRAIRIES,9,GREAT PLAINS,Colorado,8,25  High Plains,9.4  SOUTH CENTRAL SEMI-ARID PRAIRIES,9  GREAT PLAINS,2058,12.914142857142858,89958.02827662799
High Plains,25,High Plains,9.4.1,9.4,SOUTH CENTRAL SEMI-ARID PRAIRIES,9,GREAT PLAINS,Colorado,8,25  High Plains,9.4  SOUTH CENTRAL SEMI-ARID PRAIRIES,9  GREAT PLAINS,2021,8.527357142857143,55344.83843879998
High Plains,25,High Plains,9.4.1,9.4,SOUTH CENTRAL SEMI-ARID PRAIRIES,9,GREAT PLAINS,Colorado,8,25  High Plains,9.4  SOUTH CENTRAL SEMI-ARID PRAIRIES,9  GREAT PLAINS,2057,14.656071428571428,107557.53778671846
High Plains,25,High Plains,9.4.1,9.4,SOUTH CENTRAL SEMI-ARID PRAIRIES,9,GREAT PLAINS,Colorado,8,25  High Plains,9.4  SOUTH CENTRAL SEMI-ARID PRAIRIES,9  GREAT PLAINS,2042,10.941,77334.24476766177
Southern Rockies,21,Southern Rockies,6.2.14,6.2,WESTERN CORDILLERA,6,NORTHWESTERN FORESTED MOUNTAINS,Colorado,8,21  Southern Rockies,6.2  WESTERN CORDILLERA,6  NORTHWESTERN FORESTED MOUNTAINS,2042,15.062928571428571,223285.9193061602
Southern Rockies,21,Southern Rockies,6.2.14,6.2,WESTERN CORDILLERA,6,NORTHWESTERN FORESTED MOUNTAINS,Colorado,8,21  Southern Rockies,6.2  WESTERN CORDILLERA,6  NORTHWESTERN FORESTED MOUNTAINS,2030,7.3595,94388.95695939974
Southern Rockies,21,Southern Rockies,6.2.14,6.2,WESTERN CORDILLERA,6,NORTHWESTERN FORESTED MOUNTAINS,Colorado,8,21  Southern Rockies,6.2  WESTERN CORDILLERA,6  NORTHWESTERN FORESTED MOUNTAINS,2032,10.118357142857143,138374.16527832282
Southern Rockies,21,Southern Rockies,6.2.14,6.2,WESTERN CORDILLERA,6,NORTHWESTERN FORESTED MOUNTAINS,Colorado,8,21  Southern Rockies,6.2  WESTERN CORDILLERA,6  NORTHWESTERN FORESTED MOUNTAINS,2046,15.290142857142857,217879.0940931781
Southern Rockies,21,Southern Rockies,6.2.14,6.2,WESTERN CORDILLERA,6,NORTHWESTERN FORESTED MOUNTAINS,Colorado,8,21  Southern Rockies,6.2  WESTERN CORDILLERA,6  NORTHWESTERN FORESTED MOUNTAINS,2035,10.039285714285715,131462.06211766548
Southern Rockies,21,Southern Rockies,6.2.14,6.2,WESTERN CORDILLERA,6,NORTHWESTERN FORESTED MOUNTAINS,Colorado,8,21  Southern Rockies,6.2  WESTERN CORDILLERA,6  NORTHWESTERN FORESTED MOUNTAINS,2041,13.059928571428571,176392.90923325816
Southern Rockies,21,Southern Rockies,6.2.14,6.2,WESTERN CORDILLERA,6,NORTHWESTERN FORESTED MOUNTAINS,Colorado,8,21  Southern Rockies,6.2  WESTERN CORDILLERA,6  NORTHWESTERN FORESTED MOUNTAINS,2034,10.507142857142856,137306.72396795623
Southern Rockies,21,Southern Rockies,6.2.14,6.2,WESTERN CORDILLERA,6,NORTHWESTERN FORESTED MOUNTAINS,Colorado,8,21  Southern Rockies,6.2  WESTERN CORDILLERA,6  NORTHWESTERN FORESTED MOUNTAINS,2043,11.586642857142857,166853.45144660363
Southern Rockies,21,Southern Rockies,6.2.14,6.2,WESTERN CORDILLERA,6,NORTHWESTERN FORESTED MOUNTAINS,Colorado,8,21  Southern Rockies,6.2  WESTERN CORDILLERA,6  NORTHWESTERN FORESTED MOUNTAINS,2031,10.977142857142857,142517.0747870541
Southern Rockies,21,Southern Rockies,6.2.14,6.2,WESTERN CORDILLERA,6,NORTHWESTERN FORESTED MOUNTAINS,Colorado,8,21  Southern Rockies,6.2  WESTERN CORDILLERA,6  NORTHWESTERN FORESTED MOUNTAINS,2047,14.393428571428572,212514.81870019156
Southern Rockies,21,Southern Rockies,6.2.14,6.2,WESTERN CORDILLERA,6,NORTHWESTERN FORESTED MOUNTAINS,Colorado,8,21  Southern Rockies,6.2  WESTERN CORDILLERA,6  NORTHWESTERN FORESTED MOUNTAINS,2040,8.655071428571429,102566.40430494616
Southern Rockies,21,Southern Rockies,6.2.14,6.2,WESTERN CORDILLERA,6,NORTHWESTERN FORESTED MOUNTAINS,Colorado,8,21  Southern Rockies,6.2  WESTERN CORDILLERA,6  NORTHWESTERN FORESTED MOUNTAINS,2049,16.512571428571427,241900.90887568798
Southern Rockies,21,Southern Rockies,6.2.14,6.2,WESTERN CORDILLERA,6,NORTHWESTERN FORESTED MOUNTAINS,Colorado,8,21  Southern Rockies,6.2  WESTERN CORDILLERA,6  NORTHWESTERN FORESTED MOUNTAINS,2044,10.326642857142858,136827.98099029172
Southern Rockies,21,Southern Rockies,6.2.14,6.2,WESTERN CORDILLERA,6,NORTHWESTERN FORESTED MOUNTAINS,Colorado,8,21  Southern Rockies,6.2  WESTERN CORDILLERA,6  NORTHWESTERN FORESTED MOUNTAINS,2036,10.298857142857143,126981.49227454101
Southern Rockies,21,Southern Rockies,6.2.14,6.2,WESTERN CORDILLERA,6,NORTHWESTERN FORESTED MOUNTAINS,Colorado,8,21  Southern Rockies,6.2  WESTERN CORDILLERA,6  NORTHWESTERN FORESTED MOUNTAINS,2048,8.59442857142857,98940.9444012364
Southern Rockies,21,Southern Rockies,6.2.14,6.2,WESTERN CORDILLERA,6,NORTHWESTERN FORESTED MOUNTAINS,Colorado,8,21  Southern Rockies,6.2  WESTERN CORDILLERA,6  NORTHWESTERN FORESTED MOUNTAINS,2024,10.4925,133593.60794540797
Southern Rockies,21,Southern Rockies,6.2.14,6.2,WESTERN CORDILLERA,6,NORTHWESTERN FORESTED MOUNTAINS,Colorado,8,21  Southern Rockies,6.2  WESTERN CORDILLERA,6  NORTHWESTERN FORESTED MOUNTAINS,2050,13.45507142857143,196094.8132821229
Southern Rockies,21,Southern Rockies,6.2.14,6.2,WESTERN CORDILLERA,6,NORTHWESTERN FORESTED MOUNTAINS,Colorado,8,21  Southern Rockies,6.2  WESTERN CORDILLERA,6  NORTHWESTERN FORESTED MOUNTAINS,2054,10.606642857142857,139960.46470293927
Southern Rockies,21,Southern Rockies,6.2.14,6.2,WESTERN CORDILLERA,6,NORTHWESTERN FORESTED MOUNTAINS,Colorado,8,21  Southern Rockies,6.2  WESTERN CORDILLERA,6  NORTHWESTERN FORESTED MOUNTAINS,2055,13.906571428571429,192385.97220548047
Southern Rockies,21,Southern Rockies,6.2.14,6.2,WESTERN CORDILLERA,6,NORTHWESTERN FORESTED MOUNTAINS,Colorado,8,21  Southern Rockies,6.2  WESTERN CORDILLERA,6  NORTHWESTERN FORESTED MOUNTAINS,2039,10.383785714285715,136427.26252006428
Southern Rockies,21,Southern Rockies,6.2.14,6.2,WESTERN CORDILLERA,6,NORTHWESTERN FORESTED MOUNTAINS,Colorado,8,21  Southern Rockies,6.2  WESTERN CORDILLERA,6  NORTHWESTERN FORESTED MOUNTAINS,2027,9.995214285714285,126116.94791853504
Southern Rockies,21,Southern Rockies,6.2.14,6.2,WESTERN CORDILLERA,6,NORTHWESTERN FORESTED MOUNTAINS,Colorado,8,21  Southern Rockies,6.2  WESTERN CORDILLERA,6  NORTHWESTERN FORESTED MOUNTAINS,2028,16.244142857142858,271071.51876596024
Southern Rockies,21,Southern Rockies,6.2.14,6.2,WESTERN CORDILLERA,6,NORTHWESTERN FORESTED MOUNTAINS,Colorado,8,21  Southern Rockies,6.2  WESTERN CORDILLERA,6  NORTHWESTERN FORESTED MOUNTAINS,2029,7.373285714285714,83950.76764617227
Southern Rockies,21,Southern Rockies,6.2.14,6.2,WESTERN CORDILLERA,6,NORTHWESTERN FORESTED MOUNTAINS,Colorado,8,21  Southern Rockies,6.2  WESTERN CORDILLERA,6  NORTHWESTERN FORESTED MOUNTAINS,2045,18.049642857142857,276293.5260651754
Southern Rockies,21,Southern Rockies,6.2.14,6.2,WESTERN CORDILLERA,6,NORTHWESTERN FORESTED MOUNTAINS,Colorado,8,21  Southern Rockies,6.2  WESTERN CORDILLERA,6  NORTHWESTERN FORESTED MOUNTAINS,2059,10.668071428571428,146456.5391045292
Southern Rockies,21,Southern Rockies,6.2.14,6.2,WESTERN CORDILLERA,6,NORTHWESTERN FORESTED MOUNTAINS,Colorado,8,21  Southern Rockies,6.2  WESTERN CORDILLERA,6  NORTHWESTERN FORESTED MOUNTAINS,2033,11.965785714285714,165184.00877926918
Southern Rockies,21,Southern Rockies,6.2.14,6.2,WESTERN CORDILLERA,6,NORTHWESTERN FORESTED MOUNTAINS,Colorado,8,21  Southern Rockies,6.2  WESTERN CORDILLERA,6  NORTHWESTERN FORESTED MOUNTAINS,2019,5.678214285714286,59778.86016493475
Southern Rockies,21,Southern Rockies,6.2.14,6.2,WESTERN CORDILLERA,6,NORTHWESTERN FORESTED MOUNTAINS,Colorado,8,21  Southern Rockies,6.2  WESTERN CORDILLERA,6  NORTHWESTERN FORESTED MOUNTAINS,2051,9.448142857142857,120122.29616012156
Southern Rockies,21,Southern Rockies,6.2.14,6.2,WESTERN CORDILLERA,6,NORTHWESTERN FORESTED MOUNTAINS,Colorado,8,21  Southern Rockies,6.2  WESTERN CORDILLERA,6  NORTHWESTERN FORESTED MOUNTAINS,2022,8.698428571428572,104303.07812755244
Southern Rockies,21,Southern Rockies,6.2.14,6.2,WESTERN CORDILLERA,6,NORTHWESTERN FORESTED MOUNTAINS,Colorado,8,21  Southern Rockies,6.2  WESTERN CORDILLERA,6  NORTHWESTERN FORESTED MOUNTAINS,2023,9.1625,119493.46245619815
Southern Rockies,21,Southern Rockies,6.2.14,6.2,WESTERN CORDILLERA,6,NORTHWESTERN FORESTED MOUNTAINS,Colorado,8,21  Southern Rockies,6.2  WESTERN CORDILLERA,6  NORTHWESTERN FORESTED MOUNTAINS,2025,11.370214285714287,146872.06822409152
Southern Rockies,21,Southern Rockies,6.2.14,6.2,WESTERN CORDILLERA,6,NORTHWESTERN FORESTED MOUNTAINS,Colorado,8,21  Southern Rockies,6.2  WESTERN CORDILLERA,6  NORTHWESTERN FORESTED MOUNTAINS,2026,10.633785714285715,141275.5620108259
Southern Rockies,21,Southern Rockies,6.2.14,6.2,WESTERN CORDILLERA,6,NORTHWESTERN FORESTED MOUNTAINS,Colorado,8,21  Southern Rockies,6.2  WESTERN CORDILLERA,6  NORTHWESTERN FORESTED MOUNTAINS,2058,16.638857142857145,245339.08319782393
Southern Rockies,21,Southern Rockies,6.2.14,6.2,WESTERN CORDILLERA,6,NORTHWESTERN FORESTED MOUNTAINS,Colorado,8,21  Southern Rockies,6.2  WESTERN CORDILLERA,6  NORTHWESTERN FORESTED MOUNTAINS,2021,9.352428571428572,128680.24695851158
Southern Rockies,21,Southern Rockies,6.2.14,6.2,WESTERN CORDILLERA,6,NORTHWESTERN FORESTED MOUNTAINS,Colorado,8,21  Southern Rockies,6.2  WESTERN CORDILLERA,6  NORTHWESTERN FORESTED MOUNTAINS,2056,16.255928571428573,223666.33871590268
Southern Rockies,21,Southern Rockies,6.2.14,6.2,WESTERN CORDILLERA,6,NORTHWESTERN FORESTED MOUNTAINS,Colorado,8,21  Southern Rockies,6.2  WESTERN CORDILLERA,6  NORTHWESTERN FORESTED MOUNTAINS,2057,17.661785714285713,270857.8722223063
Southern Rockies,21,Southern Rockies,6.2.14,6.2,WESTERN CORDILLERA,6,NORTHWESTERN FORESTED MOUNTAINS,Colorado,8,21  Southern Rockies,6.2  WESTERN CORDILLERA,6  NORTHWESTERN FORESTED MOUNTAINS,2020,7.866785714285714,95669.93128132261
Southern Rockies,21,Southern Rockies,6.2.14,6.2,WESTERN CORDILLERA,6,NORTHWESTERN FORESTED MOUNTAINS,Colorado,8,21  Southern Rockies,6.2  WESTERN CORDILLERA,6  NORTHWESTERN FORESTED MOUNTAINS,2060,7.3384285714285715,83121.71440670923
Southern Rockies,21,Southern Rockies,6.2.14,6.2,WESTERN CORDILLERA,6,NORTHWESTERN FORESTED MOUNTAINS,Colorado,8,21  Southern Rockies,6.2  WESTERN CORDILLERA,6  NORTHWESTERN FORESTED MOUNTAINS,2038,10.4985,139636.09937415418
Southern Rockies,21,Southern Rockies,6.2.14,6.2,WESTERN CORDILLERA,6,NORTHWESTERN FORESTED MOUNTAINS,Colorado,8,21  Southern Rockies,6.2  WESTERN CORDILLERA,6  NORTHWESTERN FORESTED MOUNTAINS,2053,9.934642857142856,119554.95622744318
Southern Rockies,21,Southern Rockies,6.2.14,6.2,WESTERN CORDILLERA,6,NORTHWESTERN FORESTED MOUNTAINS,Colorado,8,21  Southern Rockies,6.2  WESTERN CORDILLERA,6  NORTHWESTERN FORESTED MOUNTAINS,2037,11.616785714285713,182937.5427205372
Southern Rockies,21,Southern Rockies,6.2.14,6.2,WESTERN CORDILLERA,6,NORTHWESTERN FORESTED MOUNTAINS,Colorado,8,21  Southern Rockies,6.2  WESTERN CORDILLERA,6  NORTHWESTERN FORESTED MOUNTAINS,2052,14.324428571428571,201423.2871431196
Southern Rockies,21,Southern Rockies,6.2.14,6.2,WESTERN CORDILLERA,6,NORTHWESTERN FORESTED MOUNTAINS,Colorado,8,21  Southern Rockies,6.2  WESTERN CORDILLERA,6  NORTHWESTERN FORESTED MOUNTAINS,2042,15.062928571428571,223285.9193061602
Southern Rockies,21,Southern Rockies,6.2.14,6.2,WESTERN CORDILLERA,6,NORTHWESTERN FORESTED MOUNTAINS,Colorado,8,21  Southern Rockies,6.2  WESTERN CORDILLERA,6  NORTHWESTERN FORESTED MOUNTAINS,2030,7.3595,94388.95695939974
Southern Rockies,21,Southern Rockies,6.2.14,6.2,WESTERN CORDILLERA,6,NORTHWESTERN FORESTED MOUNTAINS,Colorado,8,21  Southern Rockies,6.2  WESTERN CORDILLERA,6  NORTHWESTERN FORESTED MOUNTAINS,2032,10.118357142857143,138374.16527832282
Southern Rockies,21,Southern Rockies,6.2.14,6.2,WESTERN CORDILLERA,6,NORTHWESTERN FORESTED MOUNTAINS,Colorado,8,21  Southern Rockies,6.2  WESTERN CORDILLERA,6  NORTHWESTERN FORESTED MOUNTAINS,2046,15.290142857142857,217879.0940931781
Southern Rockies,21,Southern Rockies,6.2.14,6.2,WESTERN CORDILLERA,6,NORTHWESTERN FORESTED MOUNTAINS,Colorado,8,21  Southern Rockies,6.2  WESTERN CORDILLERA,6  NORTHWESTERN FORESTED MOUNTAINS,2035,10.039285714285715,131462.06211766548
Southern Rockies,21,Southern Rockies,6.2.14,6.2,WESTERN CORDILLERA,6,NORTHWESTERN FORESTED MOUNTAINS,Colorado,8,21  Southern Rockies,6.2  WESTERN CORDILLERA,6  NORTHWESTERN FORESTED MOUNTAINS,2041,13.059928571428571,176392.90923325816
Southern Rockies,21,Southern Rockies,6.2.14,6.2,WESTERN CORDILLERA,6,NORTHWESTERN FORESTED MOUNTAINS,Colorado,8,21  Southern Rockies,6.2  WESTERN CORDILLERA,6  NORTHWESTERN FORESTED MOUNTAINS,2034,10.507142857142856,137306.72396795623
Southern Rockies,21,Southern Rockies,6.2.14,6.2,WESTERN CORDILLERA,6,NORTHWESTERN FORESTED MOUNTAINS,Colorado,8,21  Southern Rockies,6.2  WESTERN CORDILLERA,6  NORTHWESTERN FORESTED MOUNTAINS,2043,11.586642857142857,166853.45144660363
Southern Rockies,21,Southern Rockies,6.2.14,6.2,WESTERN CORDILLERA,6,NORTHWESTERN FORESTED MOUNTAINS,Colorado,8,21  Southern Rockies,6.2  WESTERN CORDILLERA,6  NORTHWESTERN FORESTED MOUNTAINS,2031,10.977142857142857,142517.0747870541
Southern Rockies,21,Southern Rockies,6.2.14,6.2,WESTERN CORDILLERA,6,NORTHWESTERN FORESTED MOUNTAINS,Colorado,8,21  Southern Rockies,6.2  WESTERN CORDILLERA,6  NORTHWESTERN FORESTED MOUNTAINS,2047,14.393428571428572,212514.81870019156
Southern Rockies,21,Southern Rockies,6.2.14,6.2,WESTERN CORDILLERA,6,NORTHWESTERN FORESTED MOUNTAINS,Colorado,8,21  Southern Rockies,6.2  WESTERN CORDILLERA,6  NORTHWESTERN FORESTED MOUNTAINS,2040,8.655071428571429,102566.40430494616
Southern Rockies,21,Southern Rockies,6.2.14,6.2,WESTERN CORDILLERA,6,NORTHWESTERN FORESTED MOUNTAINS,Colorado,8,21  Southern Rockies,6.2  WESTERN CORDILLERA,6  NORTHWESTERN FORESTED MOUNTAINS,2049,16.512571428571427,241900.90887568798
Southern Rockies,21,Southern Rockies,6.2.14,6.2,WESTERN CORDILLERA,6,NORTHWESTERN FORESTED MOUNTAINS,Colorado,8,21  Southern Rockies,6.2  WESTERN CORDILLERA,6  NORTHWESTERN FORESTED MOUNTAINS,2044,10.326642857142858,136827.98099029172
Southern Rockies,21,Southern Rockies,6.2.14,6.2,WESTERN CORDILLERA,6,NORTHWESTERN FORESTED MOUNTAINS,Colorado,8,21  Southern Rockies,6.2  WESTERN CORDILLERA,6  NORTHWESTERN FORESTED MOUNTAINS,2036,10.298857142857143,126981.49227454101
Southern Rockies,21,Southern Rockies,6.2.14,6.2,WESTERN CORDILLERA,6,NORTHWESTERN FORESTED MOUNTAINS,Colorado,8,21  Southern Rockies,6.2  WESTERN CORDILLERA,6  NORTHWESTERN FORESTED MOUNTAINS,2048,8.59442857142857,98940.9444012364
Southern Rockies,21,Southern Rockies,6.2.14,6.2,WESTERN CORDILLERA,6,NORTHWESTERN FORESTED MOUNTAINS,Colorado,8,21  Southern Rockies,6.2  WESTERN CORDILLERA,6  NORTHWESTERN FORESTED MOUNTAINS,2024,10.4925,133593.60794540797
Southern Rockies,21,Southern Rockies,6.2.14,6.2,WESTERN CORDILLERA,6,NORTHWESTERN FORESTED MOUNTAINS,Colorado,8,21  Southern Rockies,6.2  WESTERN CORDILLERA,6  NORTHWESTERN FORESTED MOUNTAINS,2050,13.45507142857143,196094.8132821229
Southern Rockies,21,Southern Rockies,6.2.14,6.2,WESTERN CORDILLERA,6,NORTHWESTERN FORESTED MOUNTAINS,Colorado,8,21  Southern Rockies,6.2  WESTERN CORDILLERA,6  NORTHWESTERN FORESTED MOUNTAINS,2054,10.606642857142857,139960.46470293927
Southern Rockies,21,Southern Rockies,6.2.14,6.2,WESTERN CORDILLERA,6,NORTHWESTERN FORESTED MOUNTAINS,Colorado,8,21  Southern Rockies,6.2  WESTERN CORDILLERA,6  NORTHWESTERN FORESTED MOUNTAINS,2055,13.906571428571429,192385.97220548047
Southern Rockies,21,Southern Rockies,6.2.14,6.2,WESTERN CORDILLERA,6,NORTHWESTERN FORESTED MOUNTAINS,Colorado,8,21  Southern Rockies,6.2  WESTERN CORDILLERA,6  NORTHWESTERN FORESTED MOUNTAINS,2039,10.383785714285715,136427.26252006428
Southern Rockies,21,Southern Rockies,6.2.14,6.2,WESTERN CORDILLERA,6,NORTHWESTERN FORESTED MOUNTAINS,Colorado,8,21  Southern Rockies,6.2  WESTERN CORDILLERA,6  NORTHWESTERN FORESTED MOUNTAINS,2027,9.995214285714285,126116.94791853504
Southern Rockies,21,Southern Rockies,6.2.14,6.2,WESTERN CORDILLERA,6,NORTHWESTERN FORESTED MOUNTAINS,Colorado,8,21  Southern Rockies,6.2  WESTERN CORDILLERA,6  NORTHWESTERN FORESTED MOUNTAINS,2028,16.244142857142858,271071.51876596024
Southern Rockies,21,Southern Rockies,6.2.14,6.2,WESTERN CORDILLERA,6,NORTHWESTERN FORESTED MOUNTAINS,Colorado,8,21  Southern Rockies,6.2  WESTERN CORDILLERA,6  NORTHWESTERN FORESTED MOUNTAINS,2029,7.373285714285714,83950.76764617227
Southern Rockies,21,Southern Rockies,6.2.14,6.2,WESTERN CORDILLERA,6,NORTHWESTERN FORESTED MOUNTAINS,Colorado,8,21  Southern Rockies,6.2  WESTERN CORDILLERA,6  NORTHWESTERN FORESTED MOUNTAINS,2045,18.049642857142857,276293.5260651754
Southern Rockies,21,Southern Rockies,6.2.14,6.2,WESTERN CORDILLERA,6,NORTHWESTERN FORESTED MOUNTAINS,Colorado,8,21  Southern Rockies,6.2  WESTERN CORDILLERA,6  NORTHWESTERN FORESTED MOUNTAINS,2059,10.668071428571428,146456.5391045292
Southern Rockies,21,Southern Rockies,6.2.14,6.2,WESTERN CORDILLERA,6,NORTHWESTERN FORESTED MOUNTAINS,Colorado,8,21  Southern Rockies,6.2  WESTERN CORDILLERA,6  NORTHWESTERN FORESTED MOUNTAINS,2033,11.965785714285714,165184.00877926918
Southern Rockies,21,Southern Rockies,6.2.14,6.2,WESTERN CORDILLERA,6,NORTHWESTERN FORESTED MOUNTAINS,Colorado,8,21  Southern Rockies,6.2  WESTERN CORDILLERA,6  NORTHWESTERN FORESTED MOUNTAINS,2019,5.678214285714286,59778.86016493475
Southern Rockies,21,Southern Rockies,6.2.14,6.2,WESTERN CORDILLERA,6,NORTHWESTERN FORESTED MOUNTAINS,Colorado,8,21  Southern Rockies,6.2  WESTERN CORDILLERA,6  NORTHWESTERN FORESTED MOUNTAINS,2051,9.448142857142857,120122.29616012156
Southern Rockies,21,Southern Rockies,6.2.14,6.2,WESTERN CORDILLERA,6,NORTHWESTERN FORESTED MOUNTAINS,Colorado,8,21  Southern Rockies,6.2  WESTERN CORDILLERA,6  NORTHWESTERN FORESTED MOUNTAINS,2022,8.698428571428572,104303.07812755244
Southern Rockies,21,Southern Rockies,6.2.14,6.2,WESTERN CORDILLERA,6,NORTHWESTERN FORESTED MOUNTAINS,Colorado,8,21  Southern Rockies,6.2  WESTERN CORDILLERA,6  NORTHWESTERN FORESTED MOUNTAINS,2023,9.1625,119493.46245619815
Southern Rockies,21,Southern Rockies,6.2.14,6.2,WESTERN CORDILLERA,6,NORTHWESTERN FORESTED MOUNTAINS,Colorado,8,21  Southern Rockies,6.2  WESTERN CORDILLERA,6  NORTHWESTERN FORESTED MOUNTAINS,2025,11.370214285714287,146872.06822409152
Southern Rockies,21,Southern Rockies,6.2.14,6.2,WESTERN CORDILLERA,6,NORTHWESTERN FORESTED MOUNTAINS,Colorado,8,21  Southern Rockies,6.2  WESTERN CORDILLERA,6  NORTHWESTERN FORESTED MOUNTAINS,2026,10.633785714285715,141275.5620108259
Southern Rockies,21,Southern Rockies,6.2.14,6.2,WESTERN CORDILLERA,6,NORTHWESTERN FORESTED MOUNTAINS,Colorado,8,21  Southern Rockies,6.2  WESTERN CORDILLERA,6  NORTHWESTERN FORESTED MOUNTAINS,2058,16.638857142857145,245339.08319782393
Southern Rockies,21,Southern Rockies,6.2.14,6.2,WESTERN CORDILLERA,6,NORTHWESTERN FORESTED MOUNTAINS,Colorado,8,21  Southern Rockies,6.2  WESTERN CORDILLERA,6  NORTHWESTERN FORESTED MOUNTAINS,2021,9.352428571428572,128680.24695851158
Southern Rockies,21,Southern Rockies,6.2.14,6.2,WESTERN CORDILLERA,6,NORTHWESTERN FORESTED MOUNTAINS,Colorado,8,21  Southern Rockies,6.2  WESTERN CORDILLERA,6  NORTHWESTERN FORESTED MOUNTAINS,2056,16.255928571428573,223666.33871590268
Southern Rockies,21,Southern Rockies,6.2.14,6.2,WESTERN CORDILLERA,6,NORTHWESTERN FORESTED MOUNTAINS,Colorado,8,21  Southern Rockies,6.2  WESTERN CORDILLERA,6  NORTHWESTERN FORESTED MOUNTAINS,2057,17.661785714285713,270857.8722223063
Southern Rockies,21,Southern Rockies,6.2.14,6.2,WESTERN CORDILLERA,6,NORTHWESTERN FORESTED MOUNTAINS,Colorado,8,21  Southern Rockies,6.2  WESTERN CORDILLERA,6  NORTHWESTERN FORESTED MOUNTAINS,2020,7.866785714285714,95669.93128132261
Southern Rockies,21,Southern Rockies,6.2.14,6.2,WESTERN CORDILLERA,6,NORTHWESTERN FORESTED MOUNTAINS,Colorado,8,21  Southern Rockies,6.2  WESTERN CORDILLERA,6  NORTHWESTERN FORESTED MOUNTAINS,2060,7.3384285714285715,83121.71440670923
Southern Rockies,21,Southern Rockies,6.2.14,6.2,WESTERN CORDILLERA,6,NORTHWESTERN FORESTED MOUNTAINS,Colorado,8,21  Southern Rockies,6.2  WESTERN CORDILLERA,6  NORTHWESTERN FORESTED MOUNTAINS,2038,10.4985,139636.09937415418
Southern Rockies,21,Southern Rockies,6.2.14,6.2,WESTERN CORDILLERA,6,NORTHWESTERN FORESTED MOUNTAINS,Colorado,8,21  Southern Rockies,6.2  WESTERN CORDILLERA,6  NORTHWESTERN FORESTED MOUNTAINS,2053,9.934642857142856,119554.95622744318
Southern Rockies,21,Southern Rockies,6.2.14,6.2,WESTERN CORDILLERA,6,NORTHWESTERN FORESTED MOUNTAINS,Colorado,8,21  Southern Rockies,6.2  WESTERN CORDILLERA,6  NORTHWESTERN FORESTED MOUNTAINS,2037,11.616785714285713,182937.5427205372
Southern Rockies,21,Southern Rockies,6.2.14,6.2,WESTERN CORDILLERA,6,NORTHWESTERN FORESTED MOUNTAINS,Colorado,8,21  Southern Rockies,6.2  WESTERN CORDILLERA,6  NORTHWESTERN FORESTED MOUNTAINS,2052,14.324428571428571,201423.2871431196
Southwestern Tablelands,26,Southwestern Tablelands,9.4.3,9.4,SOUTH CENTRAL SEMI-ARID PRAIRIES,9,GREAT PLAINS,Colorado,8,26  Southwestern Tablelands,9.4  SOUTH CENTRAL SEMI-ARID PRAIRIES,9  GREAT PLAINS,2027,11.419214285714286,89632.58488238216
Southwestern Tablelands,26,Southwestern Tablelands,9.4.3,9.4,SOUTH CENTRAL SEMI-ARID PRAIRIES,9,GREAT PLAINS,Colorado,8,26  Southwestern Tablelands,9.4  SOUTH CENTRAL SEMI-ARID PRAIRIES,9  GREAT PLAINS,2042,13.305,101462.62655307067
Southwestern Tablelands,26,Southwestern Tablelands,9.4.3,9.4,SOUTH CENTRAL SEMI-ARID PRAIRIES,9,GREAT PLAINS,Colorado,8,26  Southwestern Tablelands,9.4  SOUTH CENTRAL SEMI-ARID PRAIRIES,9  GREAT PLAINS,2021,11.661857142857142,88707.75131435627
Southwestern Tablelands,26,Southwestern Tablelands,9.4.3,9.4,SOUTH CENTRAL SEMI-ARID PRAIRIES,9,GREAT PLAINS,Colorado,8,26  Southwestern Tablelands,9.4  SOUTH CENTRAL SEMI-ARID PRAIRIES,9  GREAT PLAINS,2039,16.16957142857143,130556.13866419494
Southwestern Tablelands,26,Southwestern Tablelands,9.4.3,9.4,SOUTH CENTRAL SEMI-ARID PRAIRIES,9,GREAT PLAINS,Colorado,8,26  Southwestern Tablelands,9.4  SOUTH CENTRAL SEMI-ARID PRAIRIES,9  GREAT PLAINS,2040,14.713071428571428,125293.27548360098
Southwestern Tablelands,26,Southwestern Tablelands,9.4.3,9.4,SOUTH CENTRAL SEMI-ARID PRAIRIES,9,GREAT PLAINS,Colorado,8,26  Southwestern Tablelands,9.4  SOUTH CENTRAL SEMI-ARID PRAIRIES,9  GREAT PLAINS,2052,12.962857142857143,97718.3554194084
Southwestern Tablelands,26,Southwestern Tablelands,9.4.3,9.4,SOUTH CENTRAL SEMI-ARID PRAIRIES,9,GREAT PLAINS,Colorado,8,26  Southwestern Tablelands,9.4  SOUTH CENTRAL SEMI-ARID PRAIRIES,9  GREAT PLAINS,2043,13.293000000000001,102130.23351389059
Southwestern Tablelands,26,Southwestern Tablelands,9.4.3,9.4,SOUTH CENTRAL SEMI-ARID PRAIRIES,9,GREAT PLAINS,Colorado,8,26  Southwestern Tablelands,9.4  SOUTH CENTRAL SEMI-ARID PRAIRIES,9  GREAT PLAINS,2033,13.860071428571429,118322.38582941818
Southwestern Tablelands,26,Southwestern Tablelands,9.4.3,9.4,SOUTH CENTRAL SEMI-ARID PRAIRIES,9,GREAT PLAINS,Colorado,8,26  Southwestern Tablelands,9.4  SOUTH CENTRAL SEMI-ARID PRAIRIES,9  GREAT PLAINS,2045,16.341214285714287,133757.68054427792
Southwestern Tablelands,26,Southwestern Tablelands,9.4.3,9.4,SOUTH CENTRAL SEMI-ARID PRAIRIES,9,GREAT PLAINS,Colorado,8,26  Southwestern Tablelands,9.4  SOUTH CENTRAL SEMI-ARID PRAIRIES,9  GREAT PLAINS,2048,11.129785714285715,82326.91445025156
Southwestern Tablelands,26,Southwestern Tablelands,9.4.3,9.4,SOUTH CENTRAL SEMI-ARID PRAIRIES,9,GREAT PLAINS,Colorado,8,26  Southwestern Tablelands,9.4  SOUTH CENTRAL SEMI-ARID PRAIRIES,9  GREAT PLAINS,2057,19.204214285714286,162028.10806117827
Southwestern Tablelands,26,Southwestern Tablelands,9.4.3,9.4,SOUTH CENTRAL SEMI-ARID PRAIRIES,9,GREAT PLAINS,Colorado,8,26  Southwestern Tablelands,9.4  SOUTH CENTRAL SEMI-ARID PRAIRIES,9  GREAT PLAINS,2058,16.44907142857143,128026.31135352745
Southwestern Tablelands,26,Southwestern Tablelands,9.4.3,9.4,SOUTH CENTRAL SEMI-ARID PRAIRIES,9,GREAT PLAINS,Colorado,8,26  Southwestern Tablelands,9.4  SOUTH CENTRAL SEMI-ARID PRAIRIES,9  GREAT PLAINS,2022,11.999,95633.58974863534
Southwestern Tablelands,26,Southwestern Tablelands,9.4.3,9.4,SOUTH CENTRAL SEMI-ARID PRAIRIES,9,GREAT PLAINS,Colorado,8,26  Southwestern Tablelands,9.4  SOUTH CENTRAL SEMI-ARID PRAIRIES,9  GREAT PLAINS,2025,11.558428571428571,86869.22239438978
Southwestern Tablelands,26,Southwestern Tablelands,9.4.3,9.4,SOUTH CENTRAL SEMI-ARID PRAIRIES,9,GREAT PLAINS,Colorado,8,26  Southwestern Tablelands,9.4  SOUTH CENTRAL SEMI-ARID PRAIRIES,9  GREAT PLAINS,2026,10.532071428571427,80802.77369882472
Southwestern Tablelands,26,Southwestern Tablelands,9.4.3,9.4,SOUTH CENTRAL SEMI-ARID PRAIRIES,9,GREAT PLAINS,Colorado,8,26  Southwestern Tablelands,9.4  SOUTH CENTRAL SEMI-ARID PRAIRIES,9  GREAT PLAINS,2028,16.039714285714286,144593.50823058587
Southwestern Tablelands,26,Southwestern Tablelands,9.4.3,9.4,SOUTH CENTRAL SEMI-ARID PRAIRIES,9,GREAT PLAINS,Colorado,8,26  Southwestern Tablelands,9.4  SOUTH CENTRAL SEMI-ARID PRAIRIES,9  GREAT PLAINS,2024,13.181285714285714,104245.94157652759
Southwestern Tablelands,26,Southwestern Tablelands,9.4.3,9.4,SOUTH CENTRAL SEMI-ARID PRAIRIES,9,GREAT PLAINS,Colorado,8,26  Southwestern Tablelands,9.4  SOUTH CENTRAL SEMI-ARID PRAIRIES,9  GREAT PLAINS,2032,12.556928571428571,97860.06704926396
Southwestern Tablelands,26,Southwestern Tablelands,9.4.3,9.4,SOUTH CENTRAL SEMI-ARID PRAIRIES,9,GREAT PLAINS,Colorado,8,26  Southwestern Tablelands,9.4  SOUTH CENTRAL SEMI-ARID PRAIRIES,9  GREAT PLAINS,2031,12.315357142857144,96628.43081213949
Southwestern Tablelands,26,Southwestern Tablelands,9.4.3,9.4,SOUTH CENTRAL SEMI-ARID PRAIRIES,9,GREAT PLAINS,Colorado,8,26  Southwestern Tablelands,9.4  SOUTH CENTRAL SEMI-ARID PRAIRIES,9  GREAT PLAINS,2046,14.557785714285714,116413.3391702832
Southwestern Tablelands,26,Southwestern Tablelands,9.4.3,9.4,SOUTH CENTRAL SEMI-ARID PRAIRIES,9,GREAT PLAINS,Colorado,8,26  Southwestern Tablelands,9.4  SOUTH CENTRAL SEMI-ARID PRAIRIES,9  GREAT PLAINS,2044,12.718714285714286,98169.90135684826
Southwestern Tablelands,26,Southwestern Tablelands,9.4.3,9.4,SOUTH CENTRAL SEMI-ARID PRAIRIES,9,GREAT PLAINS,Colorado,8,26  Southwestern Tablelands,9.4  SOUTH CENTRAL SEMI-ARID PRAIRIES,9  GREAT PLAINS,2059,11.771714285714285,83342.58074115192
Southwestern Tablelands,26,Southwestern Tablelands,9.4.3,9.4,SOUTH CENTRAL SEMI-ARID PRAIRIES,9,GREAT PLAINS,Colorado,8,26  Southwestern Tablelands,9.4  SOUTH CENTRAL SEMI-ARID PRAIRIES,9  GREAT PLAINS,2060,12.444857142857142,90982.72082438416
Southwestern Tablelands,26,Southwestern Tablelands,9.4.3,9.4,SOUTH CENTRAL SEMI-ARID PRAIRIES,9,GREAT PLAINS,Colorado,8,26  Southwestern Tablelands,9.4  SOUTH CENTRAL SEMI-ARID PRAIRIES,9  GREAT PLAINS,2049,15.875642857142857,121522.79394622247
Southwestern Tablelands,26,Southwestern Tablelands,9.4.3,9.4,SOUTH CENTRAL SEMI-ARID PRAIRIES,9,GREAT PLAINS,Colorado,8,26  Southwestern Tablelands,9.4  SOUTH CENTRAL SEMI-ARID PRAIRIES,9  GREAT PLAINS,2034,12.311785714285715,94507.55983631953
Southwestern Tablelands,26,Southwestern Tablelands,9.4.3,9.4,SOUTH CENTRAL SEMI-ARID PRAIRIES,9,GREAT PLAINS,Colorado,8,26  Southwestern Tablelands,9.4  SOUTH CENTRAL SEMI-ARID PRAIRIES,9  GREAT PLAINS,2037,12.710857142857142,103546.66425237946
Southwestern Tablelands,26,Southwestern Tablelands,9.4.3,9.4,SOUTH CENTRAL SEMI-ARID PRAIRIES,9,GREAT PLAINS,Colorado,8,26  Southwestern Tablelands,9.4  SOUTH CENTRAL SEMI-ARID PRAIRIES,9  GREAT PLAINS,2050,13.069214285714285,106163.64735451218
Southwestern Tablelands,26,Southwestern Tablelands,9.4.3,9.4,SOUTH CENTRAL SEMI-ARID PRAIRIES,9,GREAT PLAINS,Colorado,8,26  Southwestern Tablelands,9.4  SOUTH CENTRAL SEMI-ARID PRAIRIES,9  GREAT PLAINS,2051,12.233285714285714,97941.04156446077
Southwestern Tablelands,26,Southwestern Tablelands,9.4.3,9.4,SOUTH CENTRAL SEMI-ARID PRAIRIES,9,GREAT PLAINS,Colorado,8,26  Southwestern Tablelands,9.4  SOUTH CENTRAL SEMI-ARID PRAIRIES,9  GREAT PLAINS,2041,13.943214285714285,110665.31732962625
Southwestern Tablelands,26,Southwestern Tablelands,9.4.3,9.4,SOUTH CENTRAL SEMI-ARID PRAIRIES,9,GREAT PLAINS,Colorado,8,26  Southwestern Tablelands,9.4  SOUTH CENTRAL SEMI-ARID PRAIRIES,9  GREAT PLAINS,2047,15.013071428571429,130460.0009317077
Southwestern Tablelands,26,Southwestern Tablelands,9.4.3,9.4,SOUTH CENTRAL SEMI-ARID PRAIRIES,9,GREAT PLAINS,Colorado,8,26  Southwestern Tablelands,9.4  SOUTH CENTRAL SEMI-ARID PRAIRIES,9  GREAT PLAINS,2053,11.368642857142857,88429.92331496374
Southwestern Tablelands,26,Southwestern Tablelands,9.4.3,9.4,SOUTH CENTRAL SEMI-ARID PRAIRIES,9,GREAT PLAINS,Colorado,8,26  Southwestern Tablelands,9.4  SOUTH CENTRAL SEMI-ARID PRAIRIES,9  GREAT PLAINS,2055,16.309285714285714,127019.8404653036
Southwestern Tablelands,26,Southwestern Tablelands,9.4.3,9.4,SOUTH CENTRAL SEMI-ARID PRAIRIES,9,GREAT PLAINS,Colorado,8,26  Southwestern Tablelands,9.4  SOUTH CENTRAL SEMI-ARID PRAIRIES,9  GREAT PLAINS,2056,14.506357142857143,116599.78802591434
Southwestern Tablelands,26,Southwestern Tablelands,9.4.3,9.4,SOUTH CENTRAL SEMI-ARID PRAIRIES,9,GREAT PLAINS,Colorado,8,26  Southwestern Tablelands,9.4  SOUTH CENTRAL SEMI-ARID PRAIRIES,9  GREAT PLAINS,2038,11.141857142857143,83397.38350716261
Southwestern Tablelands,26,Southwestern Tablelands,9.4.3,9.4,SOUTH CENTRAL SEMI-ARID PRAIRIES,9,GREAT PLAINS,Colorado,8,26  Southwestern Tablelands,9.4  SOUTH CENTRAL SEMI-ARID PRAIRIES,9  GREAT PLAINS,2035,12.521,97923.43685585505
Southwestern Tablelands,26,Southwestern Tablelands,9.4.3,9.4,SOUTH CENTRAL SEMI-ARID PRAIRIES,9,GREAT PLAINS,Colorado,8,26  Southwestern Tablelands,9.4  SOUTH CENTRAL SEMI-ARID PRAIRIES,9  GREAT PLAINS,2036,12.190785714285713,97151.86046973936
Southwestern Tablelands,26,Southwestern Tablelands,9.4.3,9.4,SOUTH CENTRAL SEMI-ARID PRAIRIES,9,GREAT PLAINS,Colorado,8,26  Southwestern Tablelands,9.4  SOUTH CENTRAL SEMI-ARID PRAIRIES,9  GREAT PLAINS,2023,11.520285714285714,92974.0900808912
Southwestern Tablelands,26,Southwestern Tablelands,9.4.3,9.4,SOUTH CENTRAL SEMI-ARID PRAIRIES,9,GREAT PLAINS,Colorado,8,26  Southwestern Tablelands,9.4  SOUTH CENTRAL SEMI-ARID PRAIRIES,9  GREAT PLAINS,2054,11.3145,84541.153906371
Southwestern Tablelands,26,Southwestern Tablelands,9.4.3,9.4,SOUTH CENTRAL SEMI-ARID PRAIRIES,9,GREAT PLAINS,Colorado,8,26  Southwestern Tablelands,9.4  SOUTH CENTRAL SEMI-ARID PRAIRIES,9  GREAT PLAINS,2020,11.069857142857142,84162.24973898557
Southwestern Tablelands,26,Southwestern Tablelands,9.4.3,9.4,SOUTH CENTRAL SEMI-ARID PRAIRIES,9,GREAT PLAINS,Colorado,8,26  Southwestern Tablelands,9.4  SOUTH CENTRAL SEMI-ARID PRAIRIES,9  GREAT PLAINS,2029,9.76292857142857,76064.52589066094
Southwestern Tablelands,26,Southwestern Tablelands,9.4.3,9.4,SOUTH CENTRAL SEMI-ARID PRAIRIES,9,GREAT PLAINS,Colorado,8,26  Southwestern Tablelands,9.4  SOUTH CENTRAL SEMI-ARID PRAIRIES,9  GREAT PLAINS,2030,12.423571428571428,100688.18284084593
Southwestern Tablelands,26,Southwestern Tablelands,9.4.3,9.4,SOUTH CENTRAL SEMI-ARID PRAIRIES,9,GREAT PLAINS,Colorado,8,26  Southwestern Tablelands,9.4  SOUTH CENTRAL SEMI-ARID PRAIRIES,9  GREAT PLAINS,2019,9.440714285714286,64947.124016504
Wyoming Basin,18,Wyoming Basin,10.1.4,10.1,COLD DESERTS,10,NORTH AMERICAN DESERTS,Colorado,8,18  Wyoming Basin,10.1  COLD DESERTS,10  NORTH AMERICAN DESERTS,2026,3.6582142857142856,31990.70747311297
Wyoming Basin,18,Wyoming Basin,10.1.4,10.1,COLD DESERTS,10,NORTH AMERICAN DESERTS,Colorado,8,18  Wyoming Basin,10.1  COLD DESERTS,10  NORTH AMERICAN DESERTS,2025,4.614357142857143,41930.242056114126
Wyoming Basin,18,Wyoming Basin,10.1.4,10.1,COLD DESERTS,10,NORTH AMERICAN DESERTS,Colorado,8,18  Wyoming Basin,10.1  COLD DESERTS,10  NORTH AMERICAN DESERTS,2057,5.976642857142857,57797.62271957005
Wyoming Basin,18,Wyoming Basin,10.1.4,10.1,COLD DESERTS,10,NORTH AMERICAN DESERTS,Colorado,8,18  Wyoming Basin,10.1  COLD DESERTS,10  NORTH AMERICAN DESERTS,2055,4.0001428571428574,35862.70470937585
Wyoming Basin,18,Wyoming Basin,10.1.4,10.1,COLD DESERTS,10,NORTH AMERICAN DESERTS,Colorado,8,18  Wyoming Basin,10.1  COLD DESERTS,10  NORTH AMERICAN DESERTS,2056,5.628285714285714,50259.138213190396
Wyoming Basin,18,Wyoming Basin,10.1.4,10.1,COLD DESERTS,10,NORTH AMERICAN DESERTS,Colorado,8,18  Wyoming Basin,10.1  COLD DESERTS,10  NORTH AMERICAN DESERTS,2027,4.5907857142857145,41710.2457611667
Wyoming Basin,18,Wyoming Basin,10.1.4,10.1,COLD DESERTS,10,NORTH AMERICAN DESERTS,Colorado,8,18  Wyoming Basin,10.1  COLD DESERTS,10  NORTH AMERICAN DESERTS,2059,4.360357142857143,40020.44911367525
Wyoming Basin,18,Wyoming Basin,10.1.4,10.1,COLD DESERTS,10,NORTH AMERICAN DESERTS,Colorado,8,18  Wyoming Basin,10.1  COLD DESERTS,10  NORTH AMERICAN DESERTS,2060,3.7247857142857144,32024.63146936649
Wyoming Basin,18,Wyoming Basin,10.1.4,10.1,COLD DESERTS,10,NORTH AMERICAN DESERTS,Colorado,8,18  Wyoming Basin,10.1  COLD DESERTS,10  NORTH AMERICAN DESERTS,2039,3.995285714285714,36226.34274683583
Wyoming Basin,18,Wyoming Basin,10.1.4,10.1,COLD DESERTS,10,NORTH AMERICAN DESERTS,Colorado,8,18  Wyoming Basin,10.1  COLD DESERTS,10  NORTH AMERICAN DESERTS,2058,5.252142857142857,49585.923313556945
Wyoming Basin,18,Wyoming Basin,10.1.4,10.1,COLD DESERTS,10,NORTH AMERICAN DESERTS,Colorado,8,18  Wyoming Basin,10.1  COLD DESERTS,10  NORTH AMERICAN DESERTS,2019,2.5436428571428573,20437.5864793902
Wyoming Basin,18,Wyoming Basin,10.1.4,10.1,COLD DESERTS,10,NORTH AMERICAN DESERTS,Colorado,8,18  Wyoming Basin,10.1  COLD DESERTS,10  NORTH AMERICAN DESERTS,2053,5.994142857142857,59439.9756987531
Wyoming Basin,18,Wyoming Basin,10.1.4,10.1,COLD DESERTS,10,NORTH AMERICAN DESERTS,Colorado,8,18  Wyoming Basin,10.1  COLD DESERTS,10  NORTH AMERICAN DESERTS,2028,5.129642857142857,49534.04499984103
Wyoming Basin,18,Wyoming Basin,10.1.4,10.1,COLD DESERTS,10,NORTH AMERICAN DESERTS,Colorado,8,18  Wyoming Basin,10.1  COLD DESERTS,10  NORTH AMERICAN DESERTS,2029,3.2675,26842.46796702365
Wyoming Basin,18,Wyoming Basin,10.1.4,10.1,COLD DESERTS,10,NORTH AMERICAN DESERTS,Colorado,8,18  Wyoming Basin,10.1  COLD DESERTS,10  NORTH AMERICAN DESERTS,2023,3.1229285714285715,24734.19775305706
Wyoming Basin,18,Wyoming Basin,10.1.4,10.1,COLD DESERTS,10,NORTH AMERICAN DESERTS,Colorado,8,18  Wyoming Basin,10.1  COLD DESERTS,10  NORTH AMERICAN DESERTS,2040,3.8579999999999997,34902.85252390851
Wyoming Basin,18,Wyoming Basin,10.1.4,10.1,COLD DESERTS,10,NORTH AMERICAN DESERTS,Colorado,8,18  Wyoming Basin,10.1  COLD DESERTS,10  NORTH AMERICAN DESERTS,2024,4.103285714285715,34026.081121511794
Wyoming Basin,18,Wyoming Basin,10.1.4,10.1,COLD DESERTS,10,NORTH AMERICAN DESERTS,Colorado,8,18  Wyoming Basin,10.1  COLD DESERTS,10  NORTH AMERICAN DESERTS,2038,4.740642857142857,43552.01466767842
Wyoming Basin,18,Wyoming Basin,10.1.4,10.1,COLD DESERTS,10,NORTH AMERICAN DESERTS,Colorado,8,18  Wyoming Basin,10.1  COLD DESERTS,10  NORTH AMERICAN DESERTS,2043,4.103428571428571,34356.816292407384
Wyoming Basin,18,Wyoming Basin,10.1.4,10.1,COLD DESERTS,10,NORTH AMERICAN DESERTS,Colorado,8,18  Wyoming Basin,10.1  COLD DESERTS,10  NORTH AMERICAN DESERTS,2030,4.331714285714286,39733.06430035972
Wyoming Basin,18,Wyoming Basin,10.1.4,10.1,COLD DESERTS,10,NORTH AMERICAN DESERTS,Colorado,8,18  Wyoming Basin,10.1  COLD DESERTS,10  NORTH AMERICAN DESERTS,2041,5.128642857142857,49443.06395090128
Wyoming Basin,18,Wyoming Basin,10.1.4,10.1,COLD DESERTS,10,NORTH AMERICAN DESERTS,Colorado,8,18  Wyoming Basin,10.1  COLD DESERTS,10  NORTH AMERICAN DESERTS,2042,5.689928571428571,59334.57181266745
Wyoming Basin,18,Wyoming Basin,10.1.4,10.1,COLD DESERTS,10,NORTH AMERICAN DESERTS,Colorado,8,18  Wyoming Basin,10.1  COLD DESERTS,10  NORTH AMERICAN DESERTS,2035,4.791428571428572,43325.18520317655
Wyoming Basin,18,Wyoming Basin,10.1.4,10.1,COLD DESERTS,10,NORTH AMERICAN DESERTS,Colorado,8,18  Wyoming Basin,10.1  COLD DESERTS,10  NORTH AMERICAN DESERTS,2036,4.449357142857143,39353.86697465104
Wyoming Basin,18,Wyoming Basin,10.1.4,10.1,COLD DESERTS,10,NORTH AMERICAN DESERTS,Colorado,8,18  Wyoming Basin,10.1  COLD DESERTS,10  NORTH AMERICAN DESERTS,2034,4.3212142857142855,37490.5866416224
Wyoming Basin,18,Wyoming Basin,10.1.4,10.1,COLD DESERTS,10,NORTH AMERICAN DESERTS,Colorado,8,18  Wyoming Basin,10.1  COLD DESERTS,10  NORTH AMERICAN DESERTS,2054,5.957428571428571,68933.56588581864
Wyoming Basin,18,Wyoming Basin,10.1.4,10.1,COLD DESERTS,10,NORTH AMERICAN DESERTS,Colorado,8,18  Wyoming Basin,10.1  COLD DESERTS,10  NORTH AMERICAN DESERTS,2050,5.545285714285714,53923.36403720506
Wyoming Basin,18,Wyoming Basin,10.1.4,10.1,COLD DESERTS,10,NORTH AMERICAN DESERTS,Colorado,8,18  Wyoming Basin,10.1  COLD DESERTS,10  NORTH AMERICAN DESERTS,2051,4.269785714285714,38697.38206360755
Wyoming Basin,18,Wyoming Basin,10.1.4,10.1,COLD DESERTS,10,NORTH AMERICAN DESERTS,Colorado,8,18  Wyoming Basin,10.1  COLD DESERTS,10  NORTH AMERICAN DESERTS,2045,5.1307857142857145,45165.517771391904
Wyoming Basin,18,Wyoming Basin,10.1.4,10.1,COLD DESERTS,10,NORTH AMERICAN DESERTS,Colorado,8,18  Wyoming Basin,10.1  COLD DESERTS,10  NORTH AMERICAN DESERTS,2046,4.894214285714286,43803.54004362
Wyoming Basin,18,Wyoming Basin,10.1.4,10.1,COLD DESERTS,10,NORTH AMERICAN DESERTS,Colorado,8,18  Wyoming Basin,10.1  COLD DESERTS,10  NORTH AMERICAN DESERTS,2037,3.8426428571428572,33034.90523737634
Wyoming Basin,18,Wyoming Basin,10.1.4,10.1,COLD DESERTS,10,NORTH AMERICAN DESERTS,Colorado,8,18  Wyoming Basin,10.1  COLD DESERTS,10  NORTH AMERICAN DESERTS,2020,3.916714285714286,35225.559879524
Wyoming Basin,18,Wyoming Basin,10.1.4,10.1,COLD DESERTS,10,NORTH AMERICAN DESERTS,Colorado,8,18  Wyoming Basin,10.1  COLD DESERTS,10  NORTH AMERICAN DESERTS,2052,6.353142857142857,63006.40431639205
Wyoming Basin,18,Wyoming Basin,10.1.4,10.1,COLD DESERTS,10,NORTH AMERICAN DESERTS,Colorado,8,18  Wyoming Basin,10.1  COLD DESERTS,10  NORTH AMERICAN DESERTS,2033,4.698428571428572,42157.020806781045
Wyoming Basin,18,Wyoming Basin,10.1.4,10.1,COLD DESERTS,10,NORTH AMERICAN DESERTS,Colorado,8,18  Wyoming Basin,10.1  COLD DESERTS,10  NORTH AMERICAN DESERTS,2044,3.911714285714286,36117.27260177084
Wyoming Basin,18,Wyoming Basin,10.1.4,10.1,COLD DESERTS,10,NORTH AMERICAN DESERTS,Colorado,8,18  Wyoming Basin,10.1  COLD DESERTS,10  NORTH AMERICAN DESERTS,2032,3.8675714285714284,37644.76007624586
Wyoming Basin,18,Wyoming Basin,10.1.4,10.1,COLD DESERTS,10,NORTH AMERICAN DESERTS,Colorado,8,18  Wyoming Basin,10.1  COLD DESERTS,10  NORTH AMERICAN DESERTS,2021,3.8327142857142857,33935.46364299802
Wyoming Basin,18,Wyoming Basin,10.1.4,10.1,COLD DESERTS,10,NORTH AMERICAN DESERTS,Colorado,8,18  Wyoming Basin,10.1  COLD DESERTS,10  NORTH AMERICAN DESERTS,2022,3.8919285714285716,34691.8147828926
Wyoming Basin,18,Wyoming Basin,10.1.4,10.1,COLD DESERTS,10,NORTH AMERICAN DESERTS,Colorado,8,18  Wyoming Basin,10.1  COLD DESERTS,10  NORTH AMERICAN DESERTS,2049,5.376142857142857,51430.08632219322
Wyoming Basin,18,Wyoming Basin,10.1.4,10.1,COLD DESERTS,10,NORTH AMERICAN DESERTS,Colorado,8,18  Wyoming Basin,10.1  COLD DESERTS,10  NORTH AMERICAN DESERTS,2047,4.6055,40537.61765618965
Wyoming Basin,18,Wyoming Basin,10.1.4,10.1,COLD DESERTS,10,NORTH AMERICAN DESERTS,Colorado,8,18  Wyoming Basin,10.1  COLD DESERTS,10  NORTH AMERICAN DESERTS,2048,4.739571428571429,45700.27027980943
Wyoming Basin,18,Wyoming Basin,10.1.4,10.1,COLD DESERTS,10,NORTH AMERICAN DESERTS,Colorado,8,18  Wyoming Basin,10.1  COLD DESERTS,10  NORTH AMERICAN DESERTS,2031,4.323285714285714,39859.37369884871
Wyoming Basin,18,Wyoming Basin,10.1.4,10.1,COLD DESERTS,10,NORTH AMERICAN DESERTS,Colorado,8,18  Wyoming Basin,10.1  COLD DESERTS,10  NORTH AMERICAN DESERTS,2026,3.6582142857142856,31990.70747311297
Wyoming Basin,18,Wyoming Basin,10.1.4,10.1,COLD DESERTS,10,NORTH AMERICAN DESERTS,Colorado,8,18  Wyoming Basin,10.1  COLD DESERTS,10  NORTH AMERICAN DESERTS,2025,4.614357142857143,41930.242056114126
Wyoming Basin,18,Wyoming Basin,10.1.4,10.1,COLD DESERTS,10,NORTH AMERICAN DESERTS,Colorado,8,18  Wyoming Basin,10.1  COLD DESERTS,10  NORTH AMERICAN DESERTS,2057,5.976642857142857,57797.62271957005
Wyoming Basin,18,Wyoming Basin,10.1.4,10.1,COLD DESERTS,10,NORTH AMERICAN DESERTS,Colorado,8,18  Wyoming Basin,10.1  COLD DESERTS,10  NORTH AMERICAN DESERTS,2055,4.0001428571428574,35862.70470937585
Wyoming Basin,18,Wyoming Basin,10.1.4,10.1,COLD DESERTS,10,NORTH AMERICAN DESERTS,Colorado,8,18  Wyoming Basin,10.1  COLD DESERTS,10  NORTH AMERICAN DESERTS,2056,5.628285714285714,50259.138213190396
Wyoming Basin,18,Wyoming Basin,10.1.4,10.1,COLD DESERTS,10,NORTH AMERICAN DESERTS,Colorado,8,18  Wyoming Basin,10.1  COLD DESERTS,10  NORTH AMERICAN DESERTS,2027,4.5907857142857145,41710.2457611667
Wyoming Basin,18,Wyoming Basin,10.1.4,10.1,COLD DESERTS,10,NORTH AMERICAN DESERTS,Colorado,8,18  Wyoming Basin,10.1  COLD DESERTS,10  NORTH AMERICAN DESERTS,2059,4.360357142857143,40020.44911367525
Wyoming Basin,18,Wyoming Basin,10.1.4,10.1,COLD DESERTS,10,NORTH AMERICAN DESERTS,Colorado,8,18  Wyoming Basin,10.1  COLD DESERTS,10  NORTH AMERICAN DESERTS,2060,3.7247857142857144,32024.63146936649
Wyoming Basin,18,Wyoming Basin,10.1.4,10.1,COLD DESERTS,10,NORTH AMERICAN DESERTS,Colorado,8,18  Wyoming Basin,10.1  COLD DESERTS,10  NORTH AMERICAN DESERTS,2039,3.995285714285714,36226.34274683583
Wyoming Basin,18,Wyoming Basin,10.1.4,10.1,COLD DESERTS,10,NORTH AMERICAN DESERTS,Colorado,8,18  Wyoming Basin,10.1  COLD DESERTS,10  NORTH AMERICAN DESERTS,2058,5.252142857142857,49585.923313556945
Wyoming Basin,18,Wyoming Basin,10.1.4,10.1,COLD DESERTS,10,NORTH AMERICAN DESERTS,Colorado,8,18  Wyoming Basin,10.1  COLD DESERTS,10  NORTH AMERICAN DESERTS,2019,2.5436428571428573,20437.5864793902
Wyoming Basin,18,Wyoming Basin,10.1.4,10.1,COLD DESERTS,10,NORTH AMERICAN DESERTS,Colorado,8,18  Wyoming Basin,10.1  COLD DESERTS,10  NORTH AMERICAN DESERTS,2053,5.994142857142857,59439.9756987531
Wyoming Basin,18,Wyoming Basin,10.1.4,10.1,COLD DESERTS,10,NORTH AMERICAN DESERTS,Colorado,8,18  Wyoming Basin,10.1  COLD DESERTS,10  NORTH AMERICAN DESERTS,2028,5.129642857142857,49534.04499984103
Wyoming Basin,18,Wyoming Basin,10.1.4,10.1,COLD DESERTS,10,NORTH AMERICAN DESERTS,Colorado,8,18  Wyoming Basin,10.1  COLD DESERTS,10  NORTH AMERICAN DESERTS,2029,3.2675,26842.46796702365
Wyoming Basin,18,Wyoming Basin,10.1.4,10.1,COLD DESERTS,10,NORTH AMERICAN DESERTS,Colorado,8,18  Wyoming Basin,10.1  COLD DESERTS,10  NORTH AMERICAN DESERTS,2023,3.1229285714285715,24734.19775305706
Wyoming Basin,18,Wyoming Basin,10.1.4,10.1,COLD DESERTS,10,NORTH AMERICAN DESERTS,Colorado,8,18  Wyoming Basin,10.1  COLD DESERTS,10  NORTH AMERICAN DESERTS,2040,3.8579999999999997,34902.85252390851
Wyoming Basin,18,Wyoming Basin,10.1.4,10.1,COLD DESERTS,10,NORTH AMERICAN DESERTS,Colorado,8,18  Wyoming Basin,10.1  COLD DESERTS,10  NORTH AMERICAN DESERTS,2024,4.103285714285715,34026.081121511794
Wyoming Basin,18,Wyoming Basin,10.1.4,10.1,COLD DESERTS,10,NORTH AMERICAN DESERTS,Colorado,8,18  Wyoming Basin,10.1  COLD DESERTS,10  NORTH AMERICAN DESERTS,2038,4.740642857142857,43552.01466767842
Wyoming Basin,18,Wyoming Basin,10.1.4,10.1,COLD DESERTS,10,NORTH AMERICAN DESERTS,Colorado,8,18  Wyoming Basin,10.1  COLD DESERTS,10  NORTH AMERICAN DESERTS,2043,4.103428571428571,34356.816292407384
Wyoming Basin,18,Wyoming Basin,10.1.4,10.1,COLD DESERTS,10,NORTH AMERICAN DESERTS,Colorado,8,18  Wyoming Basin,10.1  COLD DESERTS,10  NORTH AMERICAN DESERTS,2030,4.331714285714286,39733.06430035972
Wyoming Basin,18,Wyoming Basin,10.1.4,10.1,COLD DESERTS,10,NORTH AMERICAN DESERTS,Colorado,8,18  Wyoming Basin,10.1  COLD DESERTS,10  NORTH AMERICAN DESERTS,2041,5.128642857142857,49443.06395090128
Wyoming Basin,18,Wyoming Basin,10.1.4,10.1,COLD DESERTS,10,NORTH AMERICAN DESERTS,Colorado,8,18  Wyoming Basin,10.1  COLD DESERTS,10  NORTH AMERICAN DESERTS,2042,5.689928571428571,59334.57181266745
Wyoming Basin,18,Wyoming Basin,10.1.4,10.1,COLD DESERTS,10,NORTH AMERICAN DESERTS,Colorado,8,18  Wyoming Basin,10.1  COLD DESERTS,10  NORTH AMERICAN DESERTS,2035,4.791428571428572,43325.18520317655
Wyoming Basin,18,Wyoming Basin,10.1.4,10.1,COLD DESERTS,10,NORTH AMERICAN DESERTS,Colorado,8,18  Wyoming Basin,10.1  COLD DESERTS,10  NORTH AMERICAN DESERTS,2036,4.449357142857143,39353.86697465104
Wyoming Basin,18,Wyoming Basin,10.1.4,10.1,COLD DESERTS,10,NORTH AMERICAN DESERTS,Colorado,8,18  Wyoming Basin,10.1  COLD DESERTS,10  NORTH AMERICAN DESERTS,2034,4.3212142857142855,37490.5866416224
Wyoming Basin,18,Wyoming Basin,10.1.4,10.1,COLD DESERTS,10,NORTH AMERICAN DESERTS,Colorado,8,18  Wyoming Basin,10.1  COLD DESERTS,10  NORTH AMERICAN DESERTS,2054,5.957428571428571,68933.56588581864
Wyoming Basin,18,Wyoming Basin,10.1.4,10.1,COLD DESERTS,10,NORTH AMERICAN DESERTS,Colorado,8,18  Wyoming Basin,10.1  COLD DESERTS,10  NORTH AMERICAN DESERTS,2050,5.545285714285714,53923.36403720506
Wyoming Basin,18,Wyoming Basin,10.1.4,10.1,COLD DESERTS,10,NORTH AMERICAN DESERTS,Colorado,8,18  Wyoming Basin,10.1  COLD DESERTS,10  NORTH AMERICAN DESERTS,2051,4.269785714285714,38697.38206360755
Wyoming Basin,18,Wyoming Basin,10.1.4,10.1,COLD DESERTS,10,NORTH AMERICAN DESERTS,Colorado,8,18  Wyoming Basin,10.1  COLD DESERTS,10  NORTH AMERICAN DESERTS,2045,5.1307857142857145,45165.517771391904
Wyoming Basin,18,Wyoming Basin,10.1.4,10.1,COLD DESERTS,10,NORTH AMERICAN DESERTS,Colorado,8,18  Wyoming Basin,10.1  COLD DESERTS,10  NORTH AMERICAN DESERTS,2046,4.894214285714286,43803.54004362
Wyoming Basin,18,Wyoming Basin,10.1.4,10.1,COLD DESERTS,10,NORTH AMERICAN DESERTS,Colorado,8,18  Wyoming Basin,10.1  COLD DESERTS,10  NORTH AMERICAN DESERTS,2037,3.8426428571428572,33034.90523737634
Wyoming Basin,18,Wyoming Basin,10.1.4,10.1,COLD DESERTS,10,NORTH AMERICAN DESERTS,Colorado,8,18  Wyoming Basin,10.1  COLD DESERTS,10  NORTH AMERICAN DESERTS,2020,3.916714285714286,35225.559879524
Wyoming Basin,18,Wyoming Basin,10.1.4,10.1,COLD DESERTS,10,NORTH AMERICAN DESERTS,Colorado,8,18  Wyoming Basin,10.1  COLD DESERTS,10  NORTH AMERICAN DESERTS,2052,6.353142857142857,63006.40431639205
Wyoming Basin,18,Wyoming Basin,10.1.4,10.1,COLD DESERTS,10,NORTH AMERICAN DESERTS,Colorado,8,18  Wyoming Basin,10.1  COLD DESERTS,10  NORTH AMERICAN DESERTS,2033,4.698428571428572,42157.020806781045
Wyoming Basin,18,Wyoming Basin,10.1.4,10.1,COLD DESERTS,10,NORTH AMERICAN DESERTS,Colorado,8,18  Wyoming Basin,10.1  COLD DESERTS,10  NORTH AMERICAN DESERTS,2044,3.911714285714286,36117.27260177084
Wyoming Basin,18,Wyoming Basin,10.1.4,10.1,COLD DESERTS,10,NORTH AMERICAN DESERTS,Colorado,8,18  Wyoming Basin,10.1  COLD DESERTS,10  NORTH AMERICAN DESERTS,2032,3.8675714285714284,37644.76007624586
Wyoming Basin,18,Wyoming Basin,10.1.4,10.1,COLD DESERTS,10,NORTH AMERICAN DESERTS,Colorado,8,18  Wyoming Basin,10.1  COLD DESERTS,10  NORTH AMERICAN DESERTS,2021,3.8327142857142857,33935.46364299802
Wyoming Basin,18,Wyoming Basin,10.1.4,10.1,COLD DESERTS,10,NORTH AMERICAN DESERTS,Colorado,8,18  Wyoming Basin,10.1  COLD DESERTS,10  NORTH AMERICAN DESERTS,2022,3.8919285714285716,34691.8147828926
Wyoming Basin,18,Wyoming Basin,10.1.4,10.1,COLD DESERTS,10,NORTH AMERICAN DESERTS,Colorado,8,18  Wyoming Basin,10.1  COLD DESERTS,10  NORTH AMERICAN DESERTS,2049,5.376142857142857,51430.08632219322
Wyoming Basin,18,Wyoming Basin,10.1.4,10.1,COLD DESERTS,10,NORTH AMERICAN DESERTS,Colorado,8,18  Wyoming Basin,10.1  COLD DESERTS,10  NORTH AMERICAN DESERTS,2047,4.6055,40537.61765618965
Wyoming Basin,18,Wyoming Basin,10.1.4,10.1,COLD DESERTS,10,NORTH AMERICAN DESERTS,Colorado,8,18  Wyoming Basin,10.1  COLD DESERTS,10  NORTH AMERICAN DESERTS,2048,4.739571428571429,45700.27027980943
Wyoming Basin,18,Wyoming Basin,10.1.4,10.1,COLD DESERTS,10,NORTH AMERICAN DESERTS,Colorado,8,18  Wyoming Basin,10.1  COLD DESERTS,10  NORTH AMERICAN DESERTS,2031,4.323285714285714,39859.37369884871
